State_And_County_FIPS_Code	CHSI_State_Name	CHSI_County_Name	Population_Size	Population_Density	Poverty	Age_19_Under	Age_19_64	Age_65_84	Age_85_and_Over	White	Black	Native_American	Asian	Hispanic	ALE	Health_Status	LBW	VLBW	Premature	Under_18	Over_40	Late_Care	Infant_Mortality	Unmarried	Brst_Cancer	Col_Cancer	CHD	Lung_Cancer	Suicide	No_HS_Diploma	Unemployed	Sev_Work_Disabled	Major_Depression	Recent_Drug_Use	Ecol_Rpt	Ecol_Exp	Salm_Rpt	Salm_Exp	Shig_Rpt	Shig_Exp	FluB_Rpt	FluB_Exp	HepA_Rpt	HepA_Exp	HepB_Rpt	HepB_Exp	Meas_Rpt	Meas_Exp	Pert_Rpt	Pert_Exp	CRS_Rpt	CRS_Exp	Syphilis_Rpt	Syphilis_Exp	No_Exercise	Few_Fruit_Veg	Obesity	High_Blood_Pres	Smoker	Diabetes	Uninsured	HPSA_Ind
34-17	New Jersey	Hudson	603521	12926.0	15.0	24.6	64.4	9.4	1.7	71.1	15.1	0.6	11.1	40.1	76.7	19.5	8.2	1.6	12.9	2.9	3.2	23.4	7.4	39.8	27.6	21.0	204.1	46.4	4.8	120339.0	15746.0	11417.0	31518	30173	4.0	18.0	209.0	256.0	52.0	256.0	2.0	18.0	37.0	92.0	34.0	73.0	1.0	0.0	3.0	55.0	0.0	0.0	59.0	110.0	33.7	75.9	21.2	24.2	20.3	6.3	115257.0	2
45-47	South Carolina	Greenwood	67979	149.0	13.9	25.9	60.2	12.0	1.9	66.1	32.1	0.3	1.1	4.0	74.6	15.2	9.6	2.1	15.3	6.3	1.5	21.9	11.5	45.7	35.2	17.7	172.4	55.5	6.2	11952.0	3009.0	2401.0	3952	3315	2.0	3.0	70.0	47.0	6.0	23.0	0.0	3.0	5.0	10.0	7.0	7.0	0.0	0.0	22.0	3.0	0.0	0.0	9.0	3.0	25.8	74.7	28.4	29.1	20.9	9.2	9540.0	2
6-71	California	San Bernardino	1963535	98.0	16.0	32.2	59.7	7.1	1.0	80.6	9.5	1.4	6.0	44.2	76.0	19.4	6.8	1.3	10.8	4.1	2.3	17.3	7.3	39.7	26.2	20.4	241.3	51.9	10.3	295593.0	43325.0	57473.0	93938	134224	34.0	54.0	0.0	489.0	0.0	272.0	8.0	0.0	140.0	217.0	76.0	163.0	1.0	0.0	50.0	163.0	0.0	0.0	29.0	217.0	28.6	77.2	25.7	26.4	17.8	7.8	351853.0	2
45-71	South Carolina	Newberry	37250	59.0	14.6	24.5	61.0	12.2	2.2	67.1	31.8	0.3	0.5	6.8	75.8	20.8	10.3	1.6	17.0	6.5	1.0	24.4	11.1	46.9	29.1	24.4	135.9	63.9	9.7	7720.0	1253.0	1137.0	2203	1797	0.0	2.0	17.0	24.0	5.0	7.0	0.0	2.0	3.0	5.0	2.0	4.0	0.0	0.0	0.0	11.0	0.0	0.0	2.0	2.0	34.0	79.0	25.4	36.0	23.5	11.4	5441.0	2
56-35	Wyoming	Sublette	6926	1.0	7.7	22.4	66.6	9.9	1.0	98.4	0.3	0.6	0.3	2.7	76.1	10.3	10.4	2.1	13.0	2.7	2.4	17.1	8.7	19.5	38.5	21.9	139.3	34.2	20.4	530.0	94.0	127.0	509	317	2.0	2.0	6.0	6.0	0.0	2.0	0.0	0.0	2.0	3.0	0.0	1.0	0.0	0.0	0.0	3.0	0.0	0.0	0.0	0.0	22.6	81.9	20.7	24.3	15.2	5.0	795.0	2
32-23	Nevada	Nye	40477	2.0	12.4	22.2	56.9	19.3	1.6	93.1	1.7	1.8	1.5	10.9	74.5	19.6	7.3	1.3	13.4	5.2	2.1	28.4	5.7	40.1	24.8	17.6	140.3	67.4	32.4	5929.0	848.0	2012.0	3136	2491	3.0	3.0	13.0	29.0	2.0	13.0	1.0	3.0	3.0	5.0	5.0	5.0	2.0	0.0	0.0	13.0	0.0	0.0	3.0	2.0	28.3	78.6	27.7	32.6	28.0	9.5	5414.0	1
39-89	Ohio	Licking	154806	226.0	8.4	25.8	62.0	10.8	1.5	95.4	2.5	0.3	0.7	0.9	76.2	12.3	8.1	1.4	12.7	3.5	1.7	7.4	8.0	30.0	32.6	24.9	149.7	61.2	9.7	15653.0	4668.0	4692.0	10541	7665	10.0	9.0	51.0	54.0	9.0	18.0	2.0	4.0	5.0	9.0	0.0	4.0	0.0	0.0	23.0	18.0	0.0	0.0	0.0	4.0	26.5	77.7	27.9	25.2	28.7	9.3	12111.0	2
26-161	Michigan	Washtenaw	341847	482.0	9.6	24.9	66.5	7.5	1.1	77.3	12.2	0.4	7.8	3.0	78.5	7.4	7.1	1.4	9.6	1.3	3.8	9.4	6.7	21.7	25.4	18.5	151.3	46.8	7.7	17975.0	8040.0	8269.0	19426	24642	12.0	20.0	98.0	130.0	21.0	70.0	4.0	10.0	33.0	30.0	11.0	20.0	0.0	0.0	37.0	30.0	0.0	0.0	9.0	10.0	16.4	69.7	20.3	19.6	14.8	5.4	28198.0	2
55-75	Wisconsin	Marinette	43406	31.0	8.9	22.2	60.0	14.9	2.8	98.1	0.3	0.6	0.4	0.9	77.0	14.1	5.0	0.7	8.9	2.3	1.9	17.6	5.7	28.2	22.6	18.1	208.2	55.9	14.3	5295.0	1342.0	940.0	2894	2297	3.0	4.0	45.0	24.0	19.0	4.0	0.0	2.0	4.0	4.0	0.0	2.0	0.0	0.0	0.0	4.0	0.0	0.0	0.0	2.0	21.9	81.0	29.2	26.1	30.8	10.4	3831.0	2
24-510	Maryland	Baltimore City	635815	7869.0	19.6	27.1	60.8	10.2	1.9	31.7	64.9	0.3	1.9	2.2	68.6	18.5	13.1	2.8	16.9	8.3	2.1	24.6	11.1	66.2	36.9	26.8	254.5	80.2	8.2	127717.0	19558.0	24520.0	33081	35129	5.0	19.0	502.0	270.0	888.0	270.0	86.0	19.0	218.0	96.0	8.0	77.0	0.0	0.0	19.0	58.0	0.0	0.0	435.0	116.0	28.6	72.9	28.0	29.5	27.8	9.6	110491.0	2
12-85	Florida	Martin	139728	251.0	9.2	19.4	54.2	22.4	3.9	92.2	5.5	0.8	1.0	9.0	79.6	10.3	7.5	1.3	12.5	4.0	4.0	28.1	8.6	35.4	20.5	12.8	142.9	49.1	15.5	15329.0	2423.0	5082.0	7972	7066	0.0	4.0	128.0	59.0	20.0	12.0	0.0	4.0	15.0	8.0	9.0	8.0	0.0	0.0	2.0	12.0	0.0	0.0	3.0	4.0	24.2	74.5	13.9	26.4	22.1	6.4	14138.0	2
36-5	New York	Bronx	1357589	32300.0	26.8	30.7	59.1	8.7	1.5	49.6	42.5	1.2	4.0	49.5	75.0	24.7	9.3	2.0	12.5	4.5	2.9	22.7	6.8	64.8	27.2	22.3	296.3	42.4	5.8	310237.0	37636.0	82567.0	70567	79134	5.0	41.0	833.0	366.0	187.0	203.0	54.0	0.0	240.0	163.0	341.0	122.0	0.0	0.0	52.0	122.0	0.0	0.0	163.0	163.0	35.5	73.8	24.4	24.5	19.6	9.2	297330.0	2
6-97	California	Sonoma	466477	296.0	8.8	25.1	62.4	10.5	2.1	90.2	1.6	1.4	4.1	20.7	78.5	14.9	5.2	0.8	6.7	2.4	3.9	12.0	4.4	28.6	25.0	19.4	141.9	52.3	9.4	46951.0	11339.0	10826.0	24512	31741	29.0	28.0	0.0	182.0	0.0	98.0	2.0	14.0	79.0	42.0	21.0	28.0	0.0	0.0	74.0	42.0	0.0	0.0	29.0	14.0	18.2	72.5	20.7	17.1	16.6	6.3	63936.0	2
41-29	Oregon	Jackson	195322	70.0	13.3	23.6	60.3	13.4	2.8	94.8	0.6	1.1	1.3	7.9	78.0	16.4	5.5	0.9	9.3	3.9	2.0	21.3	6.6	33.0	24.0	19.5	128.8	58.7	20.9	19987.0	6006.0	6412.0	14470	14644	1.0	6.0	56.0	90.0	13.0	56.0	7.0	0.0	11.0	17.0	14.0	22.0	0.0	0.0	0.0	22.0	0.0	0.0	2.0	11.0	16.5	75.0	21.5	26.8	21.8	7.4	27433.0	2
5-69	Arkansas	Jefferson	81700	92.0	20.9	26.9	60.3	11.0	1.8	46.2	51.9	0.3	0.9	1.2	73.2	19.6	12.3	2.6	18.3	7.6	1.1	32.2	10.3	57.4	30.0	25.4	246.4	68.3	9.1	13214.0	2714.0	2476.0	5117	4676	0.0	0.0	118.0	84.0	30.0	42.0	1.0	4.0	4.0	13.0	27.0	17.0	0.0	0.0	15.0	8.0	0.0	0.0	13.0	13.0	29.1	81.8	27.4	34.0	23.3	9.8	13485.0	2
30-27	Montana	Fergus	11551	3.0	14.9	21.2	58.3	17.1	3.4	96.8	0.1	1.7	0.3	1.0	76.4	13.2	5.7	0.8	9.7	3.2	2.2	20.2	8.7	21.1	25.5	24.0	128.0	49.9	15.8	1129.0	282.0	352.0	859	581	3.0	4.0	21.0	13.0	0.0	2.0	2.0	0.0	5.0	5.0	0.0	1.0	0.0	0.0	1.0	2.0	0.0	0.0	0.0	0.0	23.5	74.1	24.0	22.5	16.2	6.5	2311.0	2
17-179	Illinois	Tazewell	129999	200.0	8.1	23.9	60.7	13.2	2.2	97.5	1.1	0.2	0.6	1.3	78.0	14.1	6.8	1.2	11.8	2.6	1.3	7.2	7.1	28.8	24.6	21.6	151.6	57.6	15.4	13357.0	3225.0	1991.0	7173	7654	6.0	8.0	50.0	50.0	11.0	15.0	10.0	4.0	6.0	8.0	2.0	4.0	0.0	0.0	1.0	15.0	0.0	0.0	0.0	0.0	23.4	82.3	21.3	23.6	28.2	6.1	9496.0	2
40-153	Oklahoma	Woodward	19088	15.0	12.8	24.2	61.2	12.6	2.0	94.2	1.7	2.6	0.5	5.9	76.3	14.8	7.2	0.8	11.8	5.3	1.0	30.0	6.6	30.2	29.7	19.6	255.7	53.8	12.4	2568.0	340.0	606.0	1176	856	0.0	2.0	25.0	30.0	5.0	15.0	4.0	0.0	69.0	13.0	10.0	4.0	0.0	0.0	8.0	6.0	0.0	0.0	1.0	6.0	28.0	84.1	29.8	30.8	26.7	9.0	2893.0	2
23-13	Maine	Knox	41219	113.0	10.5	20.7	62.1	14.7	2.6	98.4	0.3	0.2	0.4	0.7	78.1	14.1	4.8	0.8	7.4	2.8	3.5	9.6	4.7	30.0	18.4	20.5	169.5	51.7	18.2	3730.0	903.0	934.0	2983	2885	5.0	4.0	15.0	24.0	0.0	4.0	0.0	0.0	3.0	4.0	2.0	4.0	0.0	0.0	5.0	6.0	0.0	0.0	0.0	2.0	20.7	68.9	21.0	21.0	19.3	6.8	3204.0	2
29-147	Missouri	Nodaway	21710	25.0	11.5	21.9	64.3	11.4	2.4	96.3	1.8	0.3	1.2	0.8	79.3	15.6	5.4	1.0	9.6	2.2	1.2	11.0	3.1	20.3	25.6	16.6	190.8	52.6	13.0	1588.0	448.0	524.0	1499	1429	0.0	2.0	13.0	28.0	4.0	7.0	1.0	0.0	3.0	18.0	5.0	7.0	0.0	0.0	0.0	2.0	0.0	0.0	0.0	7.0	25.6	83.0	25.9	35.0	18.0	6.8	1733.0	2
15-1	Hawaii	Hawaii	167293	42.0	13.1	26.7	60.0	11.3	2.0	35.9	0.7	0.5	36.0	6.4	77.3	15.2	8.3	1.2	13.5	4.3	3.0	25.1	6.5	48.8	21.6	16.5	130.8	41.2	13.5	16598.0	2673.0	4503.0	8436	10922	16.0	5.0	126.0	74.0	25.0	47.0	9.0	0.0	6.0	14.0	2.0	19.0	0.0	0.0	12.0	19.0	0.0	0.0	3.0	9.0	20.2	75.9	19.6	23.9	21.1	6.8	24902.0	2
55-9	Wisconsin	Brown	238987	452.0	8.1	26.1	63.1	9.1	1.8	92.2	1.6	2.5	2.4	5.3	78.6	12.0	6.1	1.1	10.6	2.9	1.7	16.1	6.0	28.6	22.5	17.9	157.9	42.9	11.5	21368.0	6140.0	4403.0	15150	12663	23.0	14.0	93.0	90.0	23.0	28.0	8.0	7.0	18.0	14.0	3.0	7.0	0.0	0.0	16.0	28.0	0.0	0.0	2.0	0.0	18.7	78.1	20.7	23.9	24.1	6.2	19654.0	2
6-7	California	Butte	214185	131.0	15.8	24.4	60.7	12.2	2.7	89.2	1.6	1.9	4.2	11.6	76.5	14.3	5.8	1.0	10.6	3.5	2.4	25.1	6.2	35.3	22.1	19.9	174.0	59.5	14.8	23834.0	6489.0	12091.0	11379	15957	7.0	6.0	0.0	100.0	0.0	63.0	0.0	0.0	13.0	19.0	8.0	25.0	0.0	0.0	10.0	25.0	0.0	0.0	1.0	13.0	25.8	78.8	23.7	26.7	17.0	4.3	37097.0	2
54-61	West Virginia	Monongalia	84386	234.0	15.3	22.2	67.1	9.3	1.3	92.8	3.5	0.2	2.3	1.2	77.2	15.6	7.5	1.3	11.6	2.2	2.1	15.7	5.3	27.7	22.2	26.2	166.1	63.4	12.7	8261.0	1437.0	3257.0	6380	4909	6.0	4.0	51.0	70.0	7.0	25.0	3.0	0.0	2.0	8.0	0.0	4.0	0.0	0.0	4.0	4.0	0.0	0.0	1.0	8.0	18.3	76.9	24.2	23.1	19.4	7.9	9191.0	2
49-39	Utah	Sanpete	24044	15.0	13.5	33.4	55.7	9.6	1.3	96.3	0.5	1.0	1.5	8.0	77.9	16.6	7.4	1.0	11.9	3.9	2.3	21.1	5.0	16.2	25.5	15.1	148.8	26.8	14.6	2030.0	576.0	431.0	1679	966	7.0	2.0	50.0	35.0	2.0	17.0	1.0	0.0	26.0	15.0	5.0	4.0	0.0	0.0	1.0	7.0	0.0	0.0	0.0	7.0	18.7	81.2	19.4	22.9	10.7	6.1	4685.0	2
16-55	Idaho	Kootenai	127668	103.0	10.4	25.6	61.4	11.3	1.8	96.4	0.3	1.3	0.6	2.9	78.4	14.0	5.4	0.8	8.7	2.9	2.5	20.3	6.3	25.3	25.7	20.1	141.3	52.4	16.9	10726.0	2819.0	4502.0	8205	5447	24.0	11.0	42.0	84.0	3.0	22.0	1.0	6.0	16.0	11.0	8.0	11.0	0.0	0.0	191.0	22.0	0.0	0.0	0.0	0.0	18.1	79.0	20.9	22.8	20.9	6.2	16481.0	2
13-277	Georgia	Tift	40793	154.0	18.1	28.7	59.7	10.3	1.4	70.2	27.8	0.2	1.4	10.1	74.7	22.2	10.7	2.1	14.5	7.0	0.9	27.0	8.9	47.0	29.5	20.1	176.3	56.7	12.0	8116.0	1032.0	1060.0	2368	2123	0.0	0.0	68.0	43.0	56.0	16.0	0.0	0.0	6.0	2.0	5.0	4.0	0.0	0.0	0.0	0.0	0.0	0.0	37.0	8.0	33.3	79.8	30.3	28.8	17.5	9.7	7537.0	2
54-107	West Virginia	Wood	87047	237.0	14.0	22.9	61.2	14.0	1.9	97.4	1.1	0.2	0.6	0.6	76.0	19.5	7.8	1.1	14.2	3.7	0.9	15.5	6.8	34.5	19.0	18.1	216.5	61.6	11.3	11463.0	2214.0	4882.0	6464	3531	6.0	4.0	41.0	61.0	1.0	31.0	0.0	4.0	31.0	13.0	1.0	9.0	0.0	0.0	2.0	4.0	0.0	0.0	0.0	4.0	25.9	77.7	25.0	32.6	26.3	9.8	9946.0	2
18-61	Indiana	Harrison	36827	76.0	8.1	25.2	63.1	10.4	1.4	98.4	0.6	0.3	0.2	1.4	76.8	17.6	7.2	1.3	13.1	3.5	1.4	12.2	2.7	29.1	35.2	18.6	219.1	73.8	8.9	4872.0	1224.0	833.0	2498	1588	2.0	5.0	20.0	19.0	4.0	3.0	0.0	0.0	2.0	3.0	2.0	2.0	0.0	0.0	5.0	3.0	0.0	0.0	1.0	0.0	28.0	82.8	28.9	18.6	26.7	7.7	3026.0	2
8-69	Colorado	Larimer	271927	105.0	9.3	24.9	65.0	8.8	1.3	94.9	0.9	0.7	1.9	9.3	79.7	9.1	7.7	1.2	11.1	2.5	2.9	19.7	5.6	23.1	20.2	14.8	116.9	39.6	15.4	13286.0	7180.0	5820.0	19644	23186	24.0	16.0	92.0	95.0	17.0	32.0	4.0	8.0	12.0	16.0	7.0	8.0	0.0	0.0	68.0	32.0	0.0	0.0	3.0	8.0	13.6	75.8	12.8	18.4	20.7	3.5	33688.0	2
13-297	Georgia	Walton	75647	230.0	10.6	27.3	62.2	9.3	1.2	83.5	14.5	0.3	1.0	2.5	75.9	17.0	7.4	1.4	12.5	4.0	1.7	15.3	6.2	28.2	23.9	16.3	236.4	56.9	10.8	12960.0	1679.0	1708.0	4458	3795	2.0	13.0	37.0	45.0	19.0	22.0	2.0	0.0	14.0	10.0	15.0	10.0	0.0	0.0	2.0	6.0	0.0	0.0	0.0	3.0	26.4	76.8	27.0	26.1	25.9	6.0	7351.0	2
28-115	Mississippi	Pontotoc	28208	57.0	13.2	26.1	61.3	11.1	1.6	84.7	14.6	0.3	0.1	2.8	75.6	25.2	8.2	1.7	15.9	6.5	1.2	13.6	6.4	26.3	27.2	16.2	191.5	71.4	12.9	6142.0	849.0	1028.0	1648	1297	0.0	3.0	63.0	36.0	18.0	16.0	1.0	0.0	5.0	10.0	4.0	5.0	0.0	0.0	1.0	8.0	0.0	0.0	25.0	3.0	42.9	82.7	29.4	30.0	24.6	11.1	3880.0	2
26-115	Michigan	Monroe	153935	279.0	7.3	25.8	62.7	9.9	1.5	95.7	2.2	0.3	0.6	2.4	76.8	13.4	7.5	1.4	12.1	2.9	1.7	12.3	6.9	30.7	27.2	20.3	211.5	61.9	13.4	17204.0	4668.0	3383.0	8621	9734	2.0	9.0	44.0	58.0	5.0	18.0	0.0	4.0	5.0	9.0	3.0	4.0	0.0	0.0	0.0	18.0	0.0	0.0	5.0	0.0	21.8	84.0	26.0	30.7	24.4	7.1	13943.0	2
55-123	Wisconsin	Vernon	29055	37.0	10.9	26.0	57.6	13.7	2.7	99.2	0.1	0.2	0.2	0.8	78.0	9.4	4.1	0.4	7.3	1.8	5.5	35.2	3.1	17.8	31.8	26.4	169.8	44.4	16.6	4068.0	644.0	779.0	1845	1496	9.0	4.0	15.0	17.0	2.0	3.0	2.0	1.0	1.0	3.0	0.0	1.0	0.0	0.0	7.0	6.0	0.0	0.0	0.0	0.0	24.6	87.1	21.9	14.3	20.4	2.9	3852.0	2
5-131	Arkansas	Sebastian	118750	221.0	15.4	26.8	60.4	11.1	1.7	85.8	6.3	1.6	3.8	9.6	75.6	16.9	7.7	1.3	11.1	5.1	1.3	31.0	8.7	35.9	24.5	23.4	227.2	64.8	14.9	18239.0	2451.0	3587.0	7421	6412	5.0	4.0	78.0	56.0	15.0	35.0	0.0	0.0	36.0	11.0	60.0	14.0	0.0	0.0	10.0	14.0	0.0	0.0	1.0	7.0	28.0	75.8	26.4	32.1	20.5	7.1	18572.0	2
30-29	Montana	Flathead	83172	16.0	12.6	23.2	63.7	11.4	1.7	96.7	0.3	1.2	0.5	1.8	77.3	12.9	6.0	0.9	9.0	2.8	2.7	17.1	6.0	25.9	27.0	16.7	139.2	52.1	23.3	7235.0	1917.0	2709.0	6033	4242	12.0	4.0	34.0	65.0	4.0	31.0	0.0	0.0	2.0	11.0	3.0	11.0	0.0	0.0	7.0	8.0	0.0	0.0	0.0	4.0	16.3	71.7	14.0	21.3	17.8	5.1	11102.0	2
24-17	Maryland	Charles	138822	301.0	6.9	28.3	63.7	7.1	0.9	60.3	34.6	0.7	2.4	3.1	76.6	9.7	8.0	1.8	13.3	2.9	2.5	16.5	6.7	33.9	37.2	29.2	203.8	62.2	12.0	12527.0	2390.0	2475.0	7106	7461	1.0	8.0	43.0	50.0	7.0	15.0	9.0	4.0	8.0	8.0	7.0	4.0	0.0	0.0	2.0	15.0	0.0	0.0	2.0	0.0	22.4	75.2	26.5	23.8	21.1	4.9	13445.0	2
38-89	North Dakota	Stark	22073	16.0	11.3	22.9	60.8	13.4	2.9	97.9	0.2	1.0	0.3	1.4	79.5	14.4	6.3	1.2	11.4	2.4	1.7	11.2	8.4	26.5	24.4	15.7	188.1	37.6	13.4	2945.0	402.0	261.0	1270	791	12.0	2.0	39.0	32.0	0.0	14.0	1.0	0.0	0.0	9.0	1.0	5.0	0.0	0.0	8.0	7.0	0.0	0.0	0.0	2.0	18.4	75.4	22.6	23.3	19.5	4.5	1905.0	2
49-53	Utah	Washington	118885	49.0	11.4	29.5	53.5	14.6	2.5	95.9	0.4	1.4	1.1	6.5	80.7	14.0	5.7	0.9	10.6	2.5	1.7	28.4	5.6	15.6	21.1	13.3	103.9	23.2	18.9	8928.0	1967.0	2514.0	8679	4456	8.0	10.0	83.0	62.0	4.0	14.0	7.0	5.0	20.0	10.0	5.0	10.0	0.0	0.0	62.0	14.0	0.0	0.0	0.0	5.0	17.3	75.3	19.3	21.7	9.9	5.4	16267.0	2
19-79	Iowa	Hamilton	16209	28.0	7.2	23.4	59.1	14.3	3.3	97.0	0.4	0.3	1.8	2.1	78.6	7.2	5.9	0.9	9.7	4.1	1.7	8.7	5.7	26.5	26.4	18.5	198.1	59.4	8.3	1445.0	367.0	373.0	929	568	1.0	3.0	22.0	21.0	0.0	7.0	0.0	0.0	3.0	3.0	0.0	2.0	0.0	0.0	0.0	3.0	0.0	0.0	0.0	0.0	31.8	80.3	26.7	27.5	23.4	11.0	1251.0	2
6-99	California	Stanislaus	505505	338.0	14.2	31.1	58.9	8.5	1.4	87.1	3.1	1.5	5.6	37.0	76.2	21.1	6.5	1.3	11.5	4.3	2.3	16.4	7.5	35.5	23.7	19.9	246.3	54.6	10.6	89586.0	18977.0	15745.0	24519	34231	27.0	14.0	0.0	244.0	0.0	187.0	1.0	14.0	76.0	57.0	60.0	57.0	0.0	0.0	56.0	57.0	0.0	0.0	11.0	29.0	28.2	74.6	25.4	24.6	18.7	10.0	89406.0	2
12-57	Florida	Hillsborough	1132152	1077.0	13.0	26.8	61.7	10.2	1.3	78.7	16.3	0.5	3.0	20.9	76.0	16.8	8.5	1.8	13.1	4.3	2.3	11.9	8.7	40.2	25.2	20.8	213.4	60.4	12.6	141209.0	20646.0	35542.0	58935	59662	17.0	31.0	734.0	441.0	630.0	441.0	12.0	31.0	194.0	157.0	184.0	126.0	0.0	0.0	13.0	94.0	0.0	0.0	91.0	189.0	25.5	77.1	21.9	22.8	24.1	8.0	159922.0	2
27-109	Minnesota	Olmsted	135189	207.0	6.8	26.0	62.4	9.6	1.9	89.9	3.6	0.3	5.2	2.7	80.7	6.4	6.9	1.5	10.9	1.5	3.0	11.6	6.0	22.0	22.2	19.5	109.3	43.7	8.0	7979.0	2718.0	1283.0	7292	7129	18.0	8.0	68.0	50.0	12.0	15.0	5.0	4.0	5.0	8.0	2.0	4.0	0.0	0.0	7.0	15.0	0.0	0.0	2.0	0.0	14.1	70.0	21.9	21.4	14.6	3.5	9345.0	2
47-145	Tennessee	Roane	52889	147.0	13.2	21.5	61.8	15.0	1.7	95.2	2.9	0.2	0.5	0.9	75.3	24.5	8.8	1.2	12.8	4.2	1.3	12.3	6.0	27.8	25.3	17.4	227.0	78.2	17.3	9545.0	1500.0	2663.0	3478	2678	1.0	3.0	18.0	42.0	2.0	13.0	0.0	0.0	5.0	5.0	11.0	5.0	0.0	0.0	2.0	3.0	0.0	0.0	0.0	3.0	34.9	75.7	25.5	36.4	23.9	10.1	5454.0	2
4-21	Arizona	Pinal	229549	43.0	14.6	26.1	59.4	13.1	1.4	86.9	3.5	7.4	1.1	29.6	76.9	19.0	7.2	1.2	14.3	6.9	1.5	27.1	7.6	49.8	21.3	16.8	153.7	48.7	17.8	40746.0	4531.0	6954.0	12759	12869	5.0	12.0	121.0	111.0	119.0	105.0	10.0	6.0	33.0	23.0	31.0	23.0	0.0	0.0	13.0	12.0	0.0	0.0	2.0	23.0	26.9	73.8	26.7	28.3	21.8	10.6	33439.0	2
34-11	New Jersey	Cumberland	153252	313.0	14.9	26.2	61.3	10.7	1.8	74.3	21.7	1.0	1.4	21.7	74.7	19.0	9.2	1.9	13.4	6.6	1.2	29.1	11.3	58.0	26.2	22.1	223.6	63.2	6.1	31797.0	4385.0	4103.0	7845	7760	4.0	4.0	44.0	71.0	6.0	44.0	7.0	0.0	4.0	13.0	23.0	18.0	0.0	0.0	1.0	18.0	0.0	0.0	2.0	9.0	31.9	71.8	24.5	31.1	26.6	12.7	22848.0	2
44-3	Rhode Island	Kent	171590	1008.0	6.7	22.5	63.0	12.2	2.3	95.2	1.5	0.3	1.9	2.4	77.5	14.2	8.1	1.8	11.1	1.6	3.4	5.5	5.2	24.7	25.4	19.3	209.4	58.5	9.2	19652.0	4666.0	6049.0	13329	11538	6.0	5.0	86.0	77.0	4.0	15.0	5.0	5.0	13.0	10.0	9.0	10.0	0.0	0.0	13.0	15.0	0.0	0.0	5.0	5.0	24.9	74.1	20.4	28.3	23.5	6.4	10530.0	2
55-141	Wisconsin	Wood	75234	95.0	7.8	23.8	59.7	13.3	3.2	96.5	0.5	0.7	1.7	1.1	79.7	12.7	5.9	1.0	10.7	2.4	1.8	19.0	3.7	25.8	24.1	14.2	122.4	43.2	11.0	7888.0	2262.0	1693.0	4912	3852	15.0	11.0	76.0	53.0	3.0	23.0	6.0	4.0	36.0	8.0	0.0	4.0	0.0	0.0	17.0	23.0	0.0	0.0	0.0	0.0	22.6	75.7	25.6	27.5	19.7	7.5	4893.0	2
28-127	Mississippi	Simpson	27944	47.0	19.7	27.4	59.8	11.2	1.6	64.6	34.7	0.1	0.2	1.5	72.1	27.9	11.9	1.7	18.2	7.2	0.9	12.9	13.2	42.8	21.4	13.4	231.1	74.4	18.6	5644.0	801.0	1002.0	1606	1267	0.0	0.0	34.0	28.0	6.0	15.0	1.0	0.0	3.0	7.0	5.0	6.0	0.0	0.0	0.0	6.0	0.0	0.0	1.0	3.0	32.7	84.4	27.6	32.0	24.7	11.1	5107.0	2
30-53	Montana	Lincoln	19193	5.0	18.3	21.7	60.8	15.3	2.1	96.2	0.2	1.5	0.4	1.8	76.1	21.4	5.4	0.9	7.9	5.0	3.6	23.4	7.6	31.8	22.6	19.5	179.6	62.7	18.2	2693.0	638.0	766.0	1422	975	6.0	2.0	8.0	19.0	1.0	19.0	0.0	2.0	0.0	21.0	0.0	4.0	0.0	0.0	2.0	2.0	0.0	0.0	0.0	0.0	24.2	79.7	22.3	29.0	27.3	6.8	3366.0	2
20-35	Kansas	Cowley	35298	31.0	13.4	26.1	58.7	12.5	2.7	91.6	3.3	1.8	1.7	5.9	75.6	14.4	7.6	1.7	11.5	5.1	1.1	13.0	9.1	35.9	27.4	18.2	157.1	67.9	16.9	3331.0	1003.0	577.0	2192	1826	0.0	5.0	20.0	22.0	1.0	4.0	0.0	2.0	1.0	4.0	0.0	2.0	0.0	0.0	1.0	7.0	0.0	0.0	0.0	0.0	32.8	82.6	29.2	30.4	23.4	8.4	4344.0	2
40-97	Oklahoma	Mayes	39471	60.0	15.4	25.2	59.6	13.5	1.7	72.3	0.4	20.2	0.3	2.2	74.8	21.9	8.3	1.3	12.4	5.8	1.1	21.0	6.5	32.2	17.7	17.8	226.5	68.7	17.6	6305.0	815.0	1069.0	2402	1749	3.0	8.0	16.0	35.0	17.0	23.0	5.0	0.0	10.0	12.0	11.0	10.0	0.0	0.0	2.0	2.0	0.0	0.0	0.0	4.0	31.8	90.6	23.7	28.5	28.2	9.4	6736.0	2
35-7	New Mexico	Colfax	13755	4.0	15.6	23.2	58.5	15.5	2.8	96.5	0.5	1.9	0.4	46.7	78.4	17.7	10.1	1.7	13.5	8.3	1.3	18.0	2.8	46.2	23.0	21.1	160.7	36.8	24.7	1850.0	380.0	401.0	902	825	1.0	1.0	11.0	11.0	4.0	7.0	0.0	0.0	5.0	8.0	6.0	4.0	0.0	0.0	33.0	6.0	0.0	0.0	0.0	0.0	24.5	80.6	20.4	21.4	21.5	8.4	3255.0	2
50-27	Vermont	Windsor	58028	60.0	8.7	20.8	62.9	13.8	2.5	97.8	0.4	0.2	0.8	1.0	79.0	12.0	6.6	0.8	8.9	2.3	3.3	11.4	3.4	31.9	23.9	20.5	139.7	44.6	15.1	5026.0	963.0	1262.0	3735	4951	9.0	6.0	47.0	37.0	2.0	9.0	5.0	3.0	11.0	6.0	1.0	6.0	2.0	0.0	36.0	9.0	0.0	0.0	0.0	3.0	18.7	68.3	18.4	22.9	19.5	5.1	4933.0	2
16-17	Idaho	Bonner	40908	24.0	13.4	22.5	63.6	12.4	1.5	97.0	0.2	1.0	0.4	1.8	77.3	14.9	5.3	1.2	6.9	4.0	2.4	37.3	7.9	27.5	27.1	25.2	151.1	51.4	18.3	4101.0	999.0	1636.0	2735	1742	6.0	2.0	6.0	32.0	3.0	13.0	1.0	0.0	2.0	4.0	7.0	4.0	0.0	0.0	32.0	6.0	0.0	0.0	0.0	4.0	20.2	76.6	19.1	28.8	22.2	5.6	6208.0	2
50-7	Vermont	Chittenden	149613	278.0	7.6	23.7	66.1	8.8	1.4	95.1	1.0	0.2	2.3	1.2	78.7	8.4	6.3	1.1	8.5	1.4	3.6	8.9	3.5	24.4	28.0	22.0	159.3	46.3	13.5	9178.0	2764.0	2147.0	9329	14841	16.0	9.0	42.0	53.0	7.0	18.0	9.0	4.0	1.0	9.0	2.0	4.0	1.0	0.0	113.0	18.0	0.0	0.0	0.0	4.0	14.9	66.3	15.8	20.0	17.1	4.2	10177.0	2
5-7	Arkansas	Benton	186938	221.0	10.0	27.2	60.2	11.1	1.5	93.8	1.1	1.6	1.9	12.6	78.0	14.5	6.1	0.8	11.2	3.7	1.3	18.2	6.0	26.3	26.1	20.6	222.5	51.7	13.2	23612.0	2760.0	4491.0	11631	10422	4.0	5.0	46.0	75.0	6.0	15.0	0.0	5.0	14.0	10.0	9.0	10.0	0.0	0.0	3.0	15.0	0.0	0.0	0.0	5.0	22.3	77.4	21.5	25.4	21.4	5.8	22708.0	2
5-63	Arkansas	Independence	34737	45.0	14.9	24.3	60.9	13.2	1.6	95.5	2.1	0.4	1.0	2.5	75.2	20.1	9.1	1.5	14.3	4.4	1.0	20.5	7.3	29.5	16.1	20.8	196.8	80.0	17.7	5702.0	1037.0	1191.0	2245	1954	1.0	2.0	95.0	24.0	2.0	7.0	0.0	0.0	5.0	3.0	2.0	3.0	0.0	0.0	1.0	2.0	0.0	0.0	1.0	2.0	30.8	78.8	26.9	31.6	26.0	7.2	4830.0	2
54-99	West Virginia	Wayne	42091	83.0	17.3	22.7	62.2	13.6	1.5	98.7	0.2	0.2	0.3	0.5	75.4	26.8	9.6	0.9	16.1	4.1	0.6	9.6	6.9	26.9	23.3	27.8	224.4	76.5	11.6	8663.0	914.0	2893.0	3133	1779	0.0	0.0	9.0	47.0	0.0	17.0	0.0	0.0	0.0	2.0	0.0	4.0	0.0	0.0	1.0	0.0	0.0	0.0	0.0	9.0	32.6	83.4	31.1	38.6	27.7	9.1	5689.0	2
54-45	West Virginia	Logan	36237	80.0	21.0	21.9	63.9	12.9	1.3	96.7	2.5	0.1	0.4	0.6	71.2	36.6	8.8	1.4	13.0	4.4	1.0	21.9	10.8	32.6	27.6	31.0	270.2	86.3	12.8	9531.0	645.0	3490.0	2722	1483	1.0	0.0	20.0	41.0	0.0	15.0	2.0	0.0	1.0	2.0	1.0	4.0	0.0	0.0	0.0	0.0	0.0	0.0	0.0	7.0	34.3	82.9	38.7	41.7	31.9	12.5	6190.0	2
29-99	Missouri	Jefferson	213669	325.0	8.0	26.1	64.0	9.0	0.9	97.3	0.9	0.3	0.6	1.2	75.4	14.1	7.4	1.5	12.7	2.7	1.7	8.7	7.6	30.0	29.6	21.7	239.4	76.8	13.1	28963.0	6191.0	5587.0	13845	10146	6.0	12.0	75.0	80.0	45.0	24.0	4.0	6.0	1.0	12.0	12.0	6.0	0.0	0.0	20.0	24.0	0.0	0.0	0.0	0.0	26.1	78.7	19.9	24.0	31.1	5.6	19492.0	2
10-5	Delaware	Sussex	176548	188.0	10.0	21.4	59.1	17.2	2.2	83.5	14.1	0.6	0.9	5.8	76.5	16.0	7.9	1.7	13.2	4.2	2.0	24.7	8.5	48.9	26.0	21.6	184.5	62.6	11.2	29734.0	3333.0	5203.0	10618	10978	5.0	5.0	88.0	74.0	46.0	15.0	0.0	5.0	10.0	25.0	11.0	10.0	0.0	0.0	4.0	30.0	0.0	0.0	7.0	5.0	27.9	78.9	24.5	32.5	24.7	8.9	21623.0	2
1-15	Alabama	Calhoun	112141	184.0	16.4	24.1	61.6	12.7	1.5	78.3	19.7	0.4	0.8	2.0	73.1	26.7	9.0	1.9	14.1	4.8	0.8	12.1	9.5	26.3	26.4	18.4	189.3	73.5	13.6	19546.0	2182.0	5722.0	6400	5545	0.0	3.0	31.0	54.0	33.0	33.0	1.0	0.0	2.0	10.0	7.0	13.0	0.0	0.0	0.0	13.0	0.0	0.0	7.0	7.0	29.2	81.9	27.0	33.2	25.5	11.2	16456.0	2
13-95	Georgia	Dougherty	94882	288.0	21.6	29.4	59.0	10.1	1.5	34.2	63.7	0.2	1.1	1.5	74.8	20.6	11.5	2.6	15.5	7.6	1.3	14.0	9.7	59.8	27.6	19.5	153.8	75.5	10.0	15106.0	2738.0	3666.0	5455	5004	0.0	0.0	155.0	96.0	127.0	48.0	5.0	5.0	3.0	14.0	34.0	19.0	0.0	0.0	0.0	10.0	0.0	0.0	22.0	14.0	34.4	81.4	26.6	32.3	24.1	9.7	18316.0	2
13-299	Georgia	Ware	34492	38.0	18.9	26.1	58.6	13.1	2.3	71.6	27.3	0.2	0.5	2.7	73.8	26.9	7.7	1.4	10.8	7.3	1.0	15.9	7.4	45.7	21.1	14.7	186.0	63.7	15.0	6698.0	879.0	1561.0	2067	1751	0.0	7.0	158.0	32.0	41.0	21.0	0.0	0.0	3.0	11.0	8.0	9.0	0.0	0.0	0.0	2.0	0.0	0.0	4.0	4.0	36.2	71.1	33.7	34.9	25.4	13.1	6258.0	2
26-147	Michigan	St. Clair	171426	237.0	8.7	25.7	61.8	10.6	1.9	95.6	2.2	0.5	0.5	2.5	76.5	13.6	7.7	1.4	12.6	3.2	1.5	10.8	7.0	32.1	27.3	21.8	215.1	63.3	11.0	19673.0	6730.0	4200.0	9604	10616	6.0	10.0	36.0	65.0	3.0	20.0	1.0	5.0	7.0	10.0	9.0	5.0	0.0	0.0	5.0	20.0	0.0	0.0	2.0	0.0	20.9	79.4	25.2	30.8	31.1	7.3	15833.0	2
26-125	Michigan	Oakland	1214361	1392.0	6.7	25.6	62.8	9.9	1.7	81.2	11.8	0.3	5.3	2.8	78.2	12.0	7.4	1.4	10.3	1.3	3.5	6.3	6.5	19.2	26.0	16.2	183.9	51.7	9.8	87985.0	36223.0	33487.0	68106	72452	37.0	36.0	328.0	325.0	78.0	181.0	2.0	0.0	95.0	145.0	68.0	108.0	0.0	0.0	14.0	108.0	0.0	0.0	53.0	145.0	18.5	75.4	21.3	26.5	18.9	7.0	104800.0	2
27-163	Minnesota	Washington	220426	563.0	4.7	27.4	64.2	7.5	0.9	90.7	3.0	0.4	4.3	2.5	79.8	8.3	5.6	1.2	9.5	1.1	3.3	7.9	5.1	17.3	21.2	17.6	97.8	50.6	8.3	8532.0	4352.0	2919.0	11690	11875	16.0	13.0	104.0	82.0	13.0	25.0	5.0	6.0	6.0	13.0	3.0	6.0	0.0	0.0	29.0	25.0	0.0	0.0	1.0	0.0	15.1	73.9	20.2	22.2	20.2	4.6	15546.0	2
25-17	Massachusetts	Middlesex	1459011	1772.0	7.6	23.4	63.8	10.8	2.0	86.1	4.2	0.2	8.3	5.0	79.3	10.7	7.2	1.3	10.2	1.0	5.3	8.6	4.1	16.5	25.6	19.6	129.0	51.4	6.1	115958.0	32756.0	32313.0	88036	133133	86.0	44.0	838.0	397.0	129.0	220.0	28.0	0.0	125.0	176.0	58.0	132.0	2.0	0.0	650.0	132.0	0.0	0.0	46.0	176.0	18.7	69.3	15.5	21.7	15.1	5.2	112192.0	2
28-1	Mississippi	Adams	32099	70.0	22.3	26.1	57.9	14.2	1.8	43.5	55.7	0.1	0.3	0.8	72.6	27.1	14.1	2.9	18.8	7.0	1.1	20.4	10.1	60.5	30.5	27.6	207.1	65.3	12.2	5686.0	1346.0	1180.0	1877	1422	0.0	0.0	77.0	37.0	13.0	14.0	0.0	0.0	1.0	2.0	2.0	3.0	0.0	0.0	1.0	0.0	0.0	0.0	5.0	7.0	30.1	80.5	28.2	47.1	25.3	12.2	6579.0	2
39-155	Ohio	Trumbull	219296	356.0	11.0	23.7	60.2	13.8	2.4	90.3	8.2	0.2	0.4	0.9	76.2	15.5	8.0	1.4	11.5	3.6	1.7	14.4	9.5	39.3	27.2	17.8	190.7	59.9	11.5	26556.0	7200.0	6717.0	15331	10567	1.0	7.0	71.0	100.0	1.0	20.0	4.0	7.0	15.0	33.0	18.0	13.0	0.0	0.0	7.0	40.0	0.0	0.0	2.0	7.0	25.8	79.1	30.1	32.4	25.0	7.8	24661.0	2
12-113	Florida	Santa Rosa	143105	141.0	10.0	25.0	63.0	11.1	0.9	90.9	4.9	0.9	1.6	3.1	76.4	14.9	7.8	1.3	13.4	3.5	2.3	9.8	5.8	26.6	21.7	20.1	168.0	67.0	15.0	13981.0	2264.0	5550.0	7635	7605	0.0	4.0	109.0	84.0	24.0	42.0	2.0	4.0	2.0	11.0	7.0	8.0	0.0	0.0	2.0	8.0	0.0	0.0	3.0	4.0	24.6	75.6	19.3	24.6	27.3	4.8	15347.0	2
51-810	Virginia	Virginia Beach City	438415	1766.0	8.0	27.9	62.5	8.5	1.1	71.5	20.0	0.4	5.4	4.7	77.8	10.0	7.3	1.7	11.5	2.1	2.4	11.5	7.1	28.5	25.6	19.2	157.2	61.7	9.8	26852.0	7681.0	5146.0	23838	20722	7.0	13.0	161.0	155.0	294.0	78.0	6.0	13.0	30.0	26.0	31.0	26.0	0.0	0.0	26.0	39.0	0.0	0.0	15.0	13.0	19.8	75.3	19.5	20.6	21.5	5.1	52101.0	2
40-135	Oklahoma	Sequoyah	40868	61.0	18.2	25.7	60.3	12.5	1.4	69.7	1.8	19.7	0.4	2.6	74.6	27.2	7.9	1.5	12.5	5.8	1.2	26.4	7.5	33.1	19.1	19.7	254.7	92.1	16.5	8074.0	978.0	1225.0	2469	1812	0.0	0.0	21.0	37.0	4.0	18.0	2.0	0.0	40.0	4.0	4.0	4.0	0.0	0.0	0.0	2.0	0.0	0.0	1.0	6.0	33.1	84.8	27.7	36.5	26.8	10.2	8039.0	2
27-13	Minnesota	Blue Earth	58030	77.0	10.3	23.2	64.9	9.6	2.3	94.5	2.1	0.3	2.3	1.8	79.3	12.4	6.0	1.1	10.2	1.9	1.6	11.4	3.8	27.8	27.6	16.8	127.0	35.9	8.6	4265.0	1175.0	769.0	3272	4067	11.0	6.0	21.0	42.0	4.0	11.0	3.0	3.0	6.0	6.0	0.0	6.0	0.0	0.0	0.0	11.0	0.0	0.0	0.0	0.0	15.4	78.5	23.2	24.2	21.2	5.5	4420.0	2
27-47	Minnesota	Freeborn	31946	45.0	8.7	22.4	58.2	16.0	3.5	98.0	0.6	0.3	0.6	6.3	79.2	15.9	6.8	1.1	9.7	4.4	2.2	14.2	6.1	36.9	25.6	20.7	138.8	36.9	11.3	4216.0	768.0	383.0	1806	1677	4.0	3.0	11.0	18.0	2.0	3.0	1.0	2.0	1.0	3.0	0.0	2.0	0.0	0.0	5.0	3.0	0.0	0.0	1.0	2.0	21.3	81.7	24.1	29.6	25.7	6.9	3258.0	2
20-87	Kansas	Jefferson	19106	36.0	7.7	24.1	62.1	11.8	2.0	96.8	0.6	1.1	0.2	1.8	77.0	13.7	6.7	1.3	11.5	3.6	1.0	9.7	8.9	21.4	15.7	21.5	153.7	54.5	11.5	1422.0	523.0	294.0	1215	970	3.0	5.0	27.0	22.0	3.0	16.0	0.0	0.0	3.0	7.0	3.0	2.0	0.0	2.0	0.0	5.0	0.0	0.0	0.0	0.0	26.3	83.5	25.1	21.9	22.6	6.1	1599.0	1
13-127	Georgia	Glynn	71874	170.0	14.9	25.8	59.9	12.5	1.9	72.0	26.0	0.3	0.7	4.1	75.4	14.2	10.1	1.9	11.7	6.5	1.9	17.4	9.7	45.0	24.0	17.9	137.2	60.1	10.5	8467.0	1718.0	2032.0	4326	3627	0.0	3.0	108.0	58.0	97.0	21.0	0.0	0.0	3.0	7.0	5.0	3.0	0.0	0.0	0.0	3.0	0.0	0.0	0.0	7.0	24.2	73.4	27.8	23.4	23.5	11.0	10982.0	2
40-145	Oklahoma	Wagoner	64183	114.0	10.2	25.7	64.2	9.3	0.8	80.9	4.2	9.2	0.7	3.4	77.7	17.2	8.0	1.5	13.3	4.5	1.4	24.1	10.7	26.6	23.7	16.6	209.3	60.9	9.8	7850.0	1251.0	2496.0	3881	2921	2.0	12.0	24.0	41.0	41.0	21.0	3.0	0.0	17.0	9.0	9.0	9.0	0.0	0.0	6.0	6.0	0.0	0.0	0.0	3.0	28.4	89.2	24.7	30.6	28.0	7.9	8511.0	2
17-183	Illinois	Vermilion	82344	92.0	14.0	25.5	58.3	13.7	2.4	87.1	11.2	0.2	0.6	3.4	75.6	18.2	8.8	1.7	12.7	5.7	1.0	20.2	10.2	47.5	23.8	21.8	187.9	75.7	9.9	11809.0	2428.0	1698.0	4451	4780	6.0	4.0	46.0	58.0	6.0	29.0	4.0	4.0	5.0	13.0	8.0	8.0	0.0	0.0	11.0	4.0	0.0	0.0	28.0	4.0	31.2	84.3	31.8	29.2	26.0	9.0	10340.0	2
56-23	Wyoming	Lincoln	15999	4.0	9.5	26.1	61.3	11.2	1.3	98.1	0.1	0.6	0.3	2.6	78.2	12.0	7.7	1.2	11.7	3.4	2.2	13.3	6.4	16.2	25.8	20.8	129.2	24.5	19.8	1247.0	312.0	274.0	1123	765	47.0	4.0	10.0	16.0	2.0	6.0	0.0	0.0	5.0	9.0	3.0	3.0	0.0	0.0	1.0	7.0	0.0	0.0	0.0	0.0	18.9	72.7	21.2	23.7	16.1	4.4	2166.0	2
40-73	Oklahoma	Kingfisher	14302	16.0	10.5	24.8	60.1	13.1	1.9	93.5	1.6	2.8	0.2	9.3	74.6	15.5	6.5	0.8	11.0	4.4	1.9	8.7	6.7	24.9	15.7	17.9	233.8	52.3	15.6	1774.0	246.0	444.0	874	648	3.0	3.0	15.0	15.0	3.0	4.0	1.0	0.0	19.0	6.0	3.0	1.0	0.0	0.0	3.0	4.0	0.0	0.0	3.0	0.0	29.1	75.4	27.0	31.2	22.0	5.0	2205.0	2
48-423	Texas	Smith	190594	205.0	14.7	27.5	58.3	12.4	1.7	78.9	18.6	0.5	1.0	14.2	76.0	18.7	7.4	1.4	13.1	5.3	1.6	18.0	8.6	30.4	25.2	21.1	197.5	54.2	15.8	24116.0	4638.0	4207.0	9922	8141	4.0	5.0	145.0	87.0	72.0	54.0	0.0	0.0	9.0	16.0	38.0	22.0	0.0	0.0	6.0	22.0	0.0	0.0	5.0	11.0	33.2	78.0	28.1	27.7	21.0	9.6	29066.0	2
24-23	Maryland	Garrett	29909	46.0	12.5	24.4	59.9	13.5	2.2	99.0	0.5	0.0	0.2	0.5	77.2	18.3	8.7	1.8	11.5	3.5	2.1	14.1	8.8	25.8	28.2	21.9	224.7	49.5	11.4	4261.0	798.0	889.0	1610	1574	0.0	1.0	17.0	19.0	1.0	9.0	1.0	0.0	2.0	4.0	2.0	3.0	0.0	0.0	1.0	1.0	0.0	0.0	0.0	0.0	28.6	74.3	25.6	25.9	18.4	8.6	4264.0	1
55-21	Wisconsin	Columbia	55364	72.0	6.2	23.4	62.2	12.0	2.3	97.6	1.1	0.4	0.4	1.6	77.5	12.3	6.0	0.9	10.1	1.5	2.0	13.9	7.6	20.9	28.5	18.5	147.9	48.0	14.9	5293.0	1393.0	1133.0	3629	2843	9.0	5.0	44.0	42.0	6.0	8.0	3.0	3.0	0.0	8.0	1.0	3.0	0.0	0.0	4.0	13.0	0.0	0.0	0.0	0.0	23.3	82.2	23.6	23.4	23.8	5.0	3645.0	2
34-29	New Jersey	Ocean	558341	878.0	8.1	24.2	54.9	16.9	4.1	94.0	3.4	0.2	1.6	6.2	77.8	17.3	6.8	1.1	10.8	1.4	3.1	16.4	3.6	20.2	27.3	22.7	199.5	60.4	7.2	65757.0	11239.0	12263.0	29304	26603	18.0	16.0	153.0	193.0	96.0	97.0	22.0	16.0	24.0	32.0	34.0	32.0	0.0	0.0	17.0	48.0	0.0	0.0	1.0	16.0	28.4	70.7	22.8	29.3	21.5	8.0	57317.0	2
49-45	Utah	Tooele	51311	7.0	7.7	33.6	59.4	6.2	0.7	94.4	1.6	1.5	1.1	9.2	77.0	13.1	7.0	0.9	11.9	2.6	1.0	19.3	5.1	18.0	24.1	15.9	132.7	39.6	13.6	4212.0	1037.0	1224.0	3538	1892	2.0	4.0	17.0	37.0	4.0	17.0	1.0	4.0	5.0	7.0	3.0	7.0	0.0	0.0	5.0	17.0	0.0	0.0	0.0	2.0	22.4	81.9	25.2	26.5	16.9	7.6	5555.0	1
37-125	North Carolina	Moore	81685	117.0	12.2	22.8	55.9	18.5	2.9	82.8	14.9	0.8	0.7	5.0	77.7	16.1	9.0	1.7	14.3	4.9	1.6	20.0	8.4	34.6	20.1	19.6	151.2	56.8	9.9	10024.0	1742.0	1930.0	4904	5361	4.0	8.0	94.0	50.0	9.0	11.0	0.0	4.0	4.0	8.0	5.0	8.0	0.0	0.0	3.0	11.0	0.0	0.0	41.0	4.0	29.0	74.9	27.0	41.0	21.2	5.3	10019.0	2
40-23	Oklahoma	Choctaw	15297	20.0	22.0	25.4	57.8	14.3	2.6	69.6	11.0	15.0	0.2	2.2	73.2	26.3	7.5	1.1	13.5	8.9	0.7	28.6	7.8	43.6	34.5	18.8	266.0	66.1	17.3	3160.0	367.0	596.0	929	673	2.0	2.0	21.0	26.0	5.0	9.0	1.0	0.0	21.0	11.0	18.0	5.0	0.0	0.0	2.0	9.0	0.0	0.0	2.0	6.0	35.9	81.4	22.3	32.5	29.6	7.6	3523.0	2
17-119	Illinois	Madison	264309	365.0	10.6	25.0	61.1	11.9	2.0	90.2	7.9	0.3	0.7	1.9	75.7	13.8	7.8	1.4	13.1	3.6	1.6	15.4	7.8	35.0	25.0	22.8	188.6	64.4	13.6	27480.0	7435.0	4467.0	14404	16119	9.0	8.0	141.0	110.0	9.0	47.0	8.0	8.0	18.0	24.0	26.0	16.0	0.0	0.0	24.0	16.0	0.0	0.0	17.0	8.0	24.3	77.8	28.0	23.6	24.7	7.1	28044.0	2
21-227	Kentucky	Warren	98960	182.0	15.2	24.9	64.3	9.5	1.3	87.9	8.8	0.2	1.7	3.3	75.9	18.6	8.4	1.5	14.3	4.5	1.5	19.2	6.2	32.6	20.2	22.7	179.5	74.2	14.0	12181.0	2700.0	4727.0	6470	6226	7.0	5.0	51.0	79.0	57.0	28.0	0.0	0.0	52.0	9.0	22.0	5.0	0.0	0.0	1.0	5.0	0.0	0.0	1.0	9.0	28.0	75.0	22.6	23.5	27.1	7.7	11418.0	2
13-137	Georgia	Habersham	39603	142.0	12.1	24.9	61.0	12.4	1.7	92.6	3.8	0.6	2.4	10.6	76.4	24.6	6.9	1.1	9.7	5.9	1.4	15.5	7.6	28.7	33.5	15.3	169.9	62.4	13.2	7607.0	847.0	1135.0	2411	2061	4.0	4.0	30.0	22.0	4.0	4.0	4.0	2.0	19.0	4.0	5.0	4.0	0.0	0.0	1.0	6.0	0.0	0.0	0.0	2.0	31.2	74.5	20.8	26.6	25.0	6.5	5281.0	2
34-25	New Jersey	Monmouth	635952	1348.0	6.5	26.6	60.9	10.7	1.8	85.8	8.1	0.2	4.9	7.5	77.6	10.7	7.5	1.2	11.6	1.6	4.5	12.0	2.9	21.7	31.0	24.3	184.7	58.1	7.5	50996.0	12981.0	9634.0	32425	31125	9.0	19.0	204.0	245.0	29.0	75.0	13.0	19.0	37.0	75.0	53.0	38.0	0.0	0.0	23.0	57.0	0.0	0.0	7.0	19.0	22.1	72.5	17.1	25.2	20.3	5.5	60107.0	2
28-83	Mississippi	Leflore	36431	62.0	29.4	30.1	58.3	9.9	1.6	28.5	70.6	0.1	0.6	2.2	72.5	23.2	11.9	3.4	17.0	9.7	1.3	37.6	15.5	71.5	24.5	32.8	326.7	66.2	10.5	8123.0	1499.0	1135.0	2023	1808	1.0	0.0	48.0	35.0	27.0	17.0	0.0	0.0	1.0	4.0	2.0	4.0	0.0	0.0	1.0	2.0	0.0	0.0	6.0	6.0	49.5	86.3	30.7	39.6	25.5	11.9	8848.0	1
21-157	Kentucky	Marshall	30967	102.0	10.9	20.6	61.2	16.0	2.1	98.7	0.2	0.1	0.2	0.8	76.8	22.7	7.8	1.5	12.8	4.6	1.5	11.9	4.0	24.6	24.4	17.2	191.8	64.2	16.7	5120.0	945.0	1501.0	2128	1715	2.0	3.0	24.0	18.0	13.0	3.0	0.0	0.0	4.0	3.0	0.0	3.0	0.0	0.0	0.0	5.0	0.0	0.0	0.0	2.0	26.4	74.6	22.6	31.9	26.1	6.4	3271.0	2
51-59	Virginia	Fairfax	1006529	2548.0	5.8	26.5	64.7	7.9	0.9	72.5	9.3	0.3	15.5	12.2	80.9	7.5	6.5	1.1	10.2	1.3	4.9	14.5	4.7	17.1	24.9	16.0	92.5	37.2	7.3	62325.0	14902.0	7002.0	55685	44914	19.0	30.0	568.0	387.0	162.0	119.0	10.0	30.0	94.0	119.0	35.0	60.0	1.0	0.0	9.0	89.0	1.0	0.0	23.0	30.0	14.6	71.5	15.1	19.4	14.7	3.6	119712.0	2
37-161	North Carolina	Rutherford	63771	113.0	15.2	24.8	59.0	13.9	2.2	87.5	11.2	0.3	0.4	2.2	74.7	22.6	9.0	1.7	12.7	6.1	0.7	14.3	11.4	34.6	24.7	24.5	211.4	58.9	18.3	13001.0	2579.0	2234.0	3730	4121	5.0	6.0	42.0	41.0	47.0	9.0	1.0	3.0	0.0	6.0	1.0	6.0	0.0	0.0	3.0	9.0	0.0	0.0	0.0	3.0	30.7	72.4	19.4	28.0	20.6	5.3	8185.0	2
4-1	Arizona	Apache	69343	6.0	27.5	36.8	53.5	8.8	0.9	22.2	0.6	76.1	0.3	4.6	73.9	15.4	6.7	1.1	11.6	6.0	2.8	34.8	8.1	65.5	18.8	11.4	121.8	16.7	22.2	13318.0	2313.0	1323.0	3344	4052	1.0	7.0	126.0	58.0	95.0	27.0	30.0	7.0	4.0	10.0	1.0	10.0	0.0	0.0	12.0	27.0	0.0	0.0	9.0	3.0	22.6	64.6	24.6	18.4	14.3	7.5	17218.0	2
19-15	Iowa	Boone	26602	47.0	7.6	22.8	61.5	13.2	2.5	98.6	0.7	0.2	0.3	1.0	77.3	11.2	6.6	1.3	9.8	2.0	0.8	7.7	6.5	23.7	21.1	13.2	232.3	52.7	10.7	2031.0	574.0	498.0	1537	985	2.0	3.0	12.0	14.0	4.0	3.0	0.0	1.0	1.0	3.0	0.0	1.0	0.0	0.0	2.0	3.0	0.0	0.0	0.0	1.0	26.0	80.3	23.2	24.8	25.8	6.2	1556.0	2
36-85	New York	Richmond	464573	7944.0	10.1	25.3	63.0	10.1	1.6	80.3	10.8	0.4	7.3	14.3	77.0	17.0	7.7	1.4	11.7	1.9	3.7	12.1	5.0	27.5	29.7	21.5	359.8	53.4	6.0	54342.0	11713.0	10463.0	25927	26544	3.0	14.0	145.0	164.0	35.0	82.0	10.0	14.0	38.0	27.0	61.0	27.0	0.0	0.0	31.0	41.0	0.0	0.0	18.0	14.0	28.3	77.8	22.6	20.9	27.3	6.6	54159.0	2
30-47	Montana	Lake	28297	19.0	19.1	25.7	59.4	12.8	2.1	73.1	0.3	23.5	0.3	3.0	75.6	14.6	7.7	1.6	14.0	5.8	2.4	20.0	13.4	46.3	21.6	15.7	141.8	57.8	21.4	2935.0	619.0	688.0	1995	1501	2.0	5.0	17.0	24.0	0.0	16.0	0.0	0.0	2.0	8.0	0.0	7.0	0.0	0.0	1.0	1.0	0.0	0.0	0.0	3.0	22.3	75.8	20.8	24.3	23.6	5.6	5585.0	2
31-13	Nebraska	Box Butte	11374	11.0	11.4	26.0	59.1	12.7	2.3	94.5	0.5	3.2	0.6	9.1	78.3	14.9	5.2	0.8	9.6	4.3	1.1	17.1	6.9	30.0	23.7	23.7	232.1	49.5	14.1	904.0	233.0	177.0	680	415	0.0	1.0	12.0	17.0	11.0	7.0	0.0	0.0	2.0	5.0	1.0	2.0	0.0	0.0	0.0	4.0	0.0	0.0	0.0	1.0	22.7	80.3	28.1	21.0	27.8	5.8	1549.0	2
36-69	New York	Ontario	104461	162.0	8.4	24.0	62.1	11.8	2.1	95.7	2.3	0.2	0.9	2.3	77.9	7.4	6.0	0.9	9.2	2.2	2.6	12.5	5.8	27.6	26.7	19.5	172.5	57.6	9.1	8915.0	2537.0	2788.0	5936	6162	19.0	15.0	70.0	71.0	5.0	30.0	10.0	5.0	17.0	10.0	3.0	5.0	0.0	0.0	13.0	30.0	0.0	0.0	0.0	0.0	16.9	68.5	19.3	21.3	16.1	6.2	7904.0	2
21-125	Kentucky	Laurel	56338	129.0	18.7	25.1	63.3	10.4	1.1	97.6	0.8	0.4	0.4	0.6	75.1	30.9	9.4	1.7	13.8	4.5	0.8	16.7	7.0	26.7	31.0	20.4	227.5	77.3	15.4	13619.0	1486.0	5053.0	3658	3093	0.0	0.0	27.0	54.0	0.0	27.0	0.0	3.0	0.0	8.0	2.0	11.0	0.0	0.0	1.0	5.0	0.0	0.0	1.0	8.0	39.7	82.3	24.7	33.3	32.3	10.9	8441.0	2
19-77	Iowa	Guthrie	11547	20.0	8.3	21.9	59.5	15.6	3.0	99.5	0.1	0.0	0.1	1.9	79.1	15.0	6.4	0.7	9.6	2.5	1.2	13.1	1.7	22.0	20.3	23.1	135.2	51.3	15.6	1184.0	284.0	166.0	673	418	2.0	3.0	4.0	12.0	2.0	5.0	0.0	0.0	5.0	3.0	0.0	1.0	0.0	0.0	0.0	3.0	0.0	0.0	0.0	0.0	21.4	89.1	25.5	22.5	14.0	2.8	860.0	2
17-89	Illinois	Kane	482113	926.0	7.4	30.4	61.5	7.0	1.1	89.9	5.6	0.4	2.9	27.3	77.8	13.3	6.9	1.4	11.7	3.0	2.3	19.0	6.5	30.2	31.0	21.3	150.4	56.0	8.4	58483.0	14138.0	5767.0	24413	28425	21.0	13.0	164.0	159.0	53.0	80.0	15.0	13.0	57.0	27.0	20.0	27.0	0.0	0.0	10.0	40.0	0.0	0.0	17.0	13.0	26.9	81.5	22.6	20.4	17.9	5.6	56073.0	2
18-3	Indiana	Allen	344006	523.0	10.2	28.9	59.8	9.6	1.7	84.4	11.7	0.4	1.8	5.2	77.3	11.6	8.4	1.5	13.2	3.5	1.9	17.5	7.2	36.3	26.6	22.8	148.8	54.7	13.2	31058.0	9435.0	10372.0	22202	14696	16.0	10.0	81.0	122.0	43.0	61.0	17.0	10.0	14.0	20.0	9.0	20.0	0.0	0.0	23.0	30.0	0.0	0.0	4.0	10.0	21.4	79.6	23.8	25.4	23.6	5.9	38612.0	2
30-111	Montana	Yellowstone	136691	52.0	12.1	24.1	62.3	11.4	2.2	93.6	0.5	3.5	0.6	3.8	77.9	12.6	7.2	1.1	10.1	2.9	1.9	15.0	7.4	33.1	21.8	18.3	114.1	58.4	17.2	10614.0	2577.0	1469.0	9800	7063	13.0	4.0	43.0	51.0	9.0	16.0	0.0	4.0	2.0	8.0	9.0	8.0	0.0	0.0	3.0	12.0	0.0	0.0	0.0	8.0	21.8	78.9	21.4	25.2	21.1	5.5	17770.0	2
47-113	Tennessee	Madison	94916	170.0	14.0	26.6	61.3	10.4	1.7	63.9	34.3	0.2	0.8	2.3	75.0	21.6	10.1	2.1	13.8	5.3	1.5	18.8	11.4	42.9	24.2	20.1	195.9	56.8	10.3	13000.0	2598.0	2366.0	5869	5046	4.0	5.0	66.0	79.0	20.0	28.0	1.0	0.0	5.0	9.0	12.0	5.0	0.0	0.0	1.0	5.0	0.0	0.0	92.0	9.0	30.3	68.6	30.3	28.1	19.5	7.4	11841.0	2
17-163	Illinois	St. Clair	260067	392.0	14.5	27.5	59.9	10.8	1.8	67.8	29.5	0.3	1.2	2.6	74.6	19.3	9.0	1.8	14.5	5.2	1.6	18.0	9.7	46.4	27.2	23.5	182.4	69.6	9.3	31801.0	7574.0	4461.0	13727	15710	15.0	8.0	121.0	131.0	30.0	100.0	5.0	8.0	14.0	31.0	17.0	31.0	0.0	0.0	19.0	31.0	0.0	0.0	34.0	15.0	30.9	81.0	29.7	31.6	22.7	9.2	31928.0	2
45-35	South Carolina	Dorchester	112858	196.0	11.2	26.6	63.9	8.6	1.0	71.4	25.2	0.7	1.4	2.5	75.1	15.2	9.2	1.8	13.2	3.9	1.7	10.6	8.4	37.8	18.8	23.2	169.0	53.0	11.7	12977.0	2843.0	4138.0	6509	5577	2.0	20.0	134.0	69.0	11.0	35.0	2.0	0.0	3.0	15.0	13.0	15.0	0.0	0.0	12.0	10.0	0.0	0.0	4.0	5.0	25.3	80.2	27.0	26.5	22.1	7.1	12899.0	2
54-3	West Virginia	Berkeley	93394	291.0	11.6	25.2	64.1	9.6	1.0	92.4	5.2	0.3	0.6	2.4	75.1	18.3	8.1	1.8	11.7	4.7	1.6	15.6	9.7	36.0	25.4	23.6	190.3	83.1	13.8	14015.0	1554.0	4118.0	6733	3992	2.0	8.0	47.0	59.0	4.0	16.0	5.0	4.0	3.0	8.0	20.0	8.0	0.0	0.0	0.0	16.0	0.0	0.0	2.0	0.0	30.8	81.9	28.5	25.1	30.4	8.0	8956.0	2
19-155	Iowa	Pottawattamie	89738	94.0	10.2	24.9	61.5	11.7	1.9	96.9	1.0	0.4	0.7	4.1	76.1	14.9	7.7	1.2	13.0	4.1	1.4	15.7	7.1	38.1	23.7	26.2	231.2	65.1	13.2	9697.0	2624.0	1993.0	5041	3258	15.0	18.0	47.0	62.0	35.0	31.0	0.0	0.0	30.0	13.0	11.0	13.0	0.0	0.0	3.0	9.0	0.0	0.0	3.0	4.0	26.3	82.5	26.8	28.0	28.0	8.3	8821.0	2
13-89	Georgia	DeKalb	677959	2528.0	13.2	26.3	65.5	7.2	1.0	38.9	55.6	0.3	4.0	8.9	76.9	11.7	9.6	2.0	13.0	3.4	2.8	11.7	9.2	42.3	27.0	18.8	121.6	43.4	9.7	65860.0	23451.0	16800.0	40447	34110	6.0	20.0	249.0	283.0	354.0	283.0	33.0	20.0	232.0	101.0	183.0	81.0	2.0	0.0	16.0	61.0	0.0	0.0	230.0	121.0	22.7	72.8	21.7	22.4	16.4	5.3	107552.0	2
5-51	Arkansas	Garland	93551	138.0	16.0	21.9	57.4	18.0	2.7	89.3	7.9	0.7	0.6	3.3	74.8	21.0	8.4	1.3	12.2	5.4	1.3	20.5	6.9	38.3	23.5	18.3	137.2	67.4	19.3	14398.0	2153.0	2327.0	6223	5049	1.0	4.0	153.0	62.0	86.0	31.0	2.0	4.0	14.0	13.0	14.0	9.0	0.0	0.0	30.0	4.0	0.0	0.0	3.0	4.0	25.0	76.0	22.3	33.3	28.3	8.0	14158.0	2
46-23	South Dakota	Charles Mix	9194	8.0	21.3	30.7	52.1	13.5	3.7	66.5	0.1	32.2	0.1	2.3	78.3	18.9	4.9	1.2	12.1	5.7	1.8	27.6	12.3	49.2	19.7	16.6	174.2	58.9	29.0	1431.0	192.0	420.0	477	323	7.0	1.0	17.0	15.0	66.0	15.0	0.0	0.0	2.0	10.0	0.0	2.0	0.0	0.0	8.0	2.0	0.0	0.0	2.0	1.0	25.1	80.5	28.7	27.5	21.2	10.1	1755.0	1
21-233	Kentucky	Webster	14161	42.0	13.8	24.3	60.9	12.9	1.9	95.0	4.3	0.1	0.3	4.2	74.9	20.6	9.4	2.2	15.3	6.2	0.7	20.3	6.1	31.0	20.5	32.2	215.2	77.7	12.8	2794.0	348.0	794.0	930	778	0.0	1.0	25.0	21.0	1.0	6.0	0.0	0.0	0.0	4.0	3.0	3.0	0.0	0.0	0.0	3.0	0.0	0.0	0.0	0.0	32.1	82.0	31.6	19.7	24.6	6.6	1950.0	2
31-45	Nebraska	Dawes	8636	6.0	16.0	24.1	60.5	12.7	2.7	93.5	1.2	3.9	0.3	2.6	78.3	10.2	5.5	1.9	8.5	2.5	1.1	20.2	5.5	24.8	32.2	20.4	173.3	51.6	17.4	642.0	151.0	124.0	534	443	2.0	3.0	7.0	10.0	3.0	2.0	0.0	0.0	0.0	4.0	0.0	1.0	0.0	0.0	0.0	2.0	0.0	0.0	2.0	0.0	17.5	84.0	19.5	20.5	14.7	8.3	1397.0	2
45-29	South Carolina	Colleton	39605	37.0	18.6	26.7	60.2	11.5	1.6	57.6	41.1	0.6	0.3	1.8	73.6	19.9	9.4	2.1	13.6	6.3	1.3	9.8	9.8	48.3	22.5	21.9	162.5	66.2	8.3	7900.0	1217.0	1715.0	2279	1876	1.0	0.0	35.0	39.0	7.0	21.0	1.0	0.0	0.0	10.0	3.0	8.0	0.0	0.0	1.0	8.0	0.0	0.0	5.0	4.0	28.5	83.6	32.8	30.2	29.2	11.9	7496.0	2
19-29	Iowa	Cass	14219	25.0	10.4	21.1	57.6	17.0	4.2	99.0	0.2	0.1	0.5	1.1	77.7	11.4	5.9	1.2	11.2	4.1	1.2	10.9	4.3	26.1	18.5	20.5	191.9	50.3	11.1	1434.0	381.0	295.0	837	510	1.0	3.0	8.0	16.0	1.0	4.0	1.0	0.0	11.0	6.0	3.0	1.0	0.0	0.0	0.0	3.0	0.0	0.0	0.0	0.0	24.3	75.3	23.3	28.0	20.4	8.4	1369.0	2
47-63	Tennessee	Hamblen	59898	372.0	13.9	23.7	62.4	12.6	1.3	93.7	4.1	0.3	1.0	9.2	74.9	27.1	7.7	0.9	12.2	5.8	1.0	21.0	5.3	35.3	22.2	25.1	228.3	76.4	12.0	12685.0	1745.0	3985.0	3829	3032	1.0	6.0	22.0	44.0	75.0	12.0	1.0	3.0	7.0	6.0	20.0	6.0	0.0	0.0	5.0	12.0	0.0	0.0	1.0	0.0	41.6	71.4	25.9	32.3	26.6	13.3	7559.0	2
26-77	Michigan	Kalamazoo	240536	428.0	12.0	25.9	62.4	9.9	1.8	85.3	9.9	0.4	2.3	2.9	77.5	12.6	8.2	1.9	11.8	3.2	2.2	13.6	10.6	35.9	24.5	16.5	143.5	58.5	10.1	16556.0	6800.0	4659.0	13476	16907	15.0	7.0	65.0	94.0	60.0	29.0	0.0	7.0	16.0	14.0	34.0	14.0	0.0	0.0	18.0	22.0	0.0	0.0	4.0	14.0	18.7	74.3	20.8	23.6	17.9	6.0	24468.0	2
19-175	Iowa	Union	11972	28.0	11.1	22.7	58.3	15.5	3.5	98.8	0.3	0.1	0.4	1.1	77.7	15.6	7.1	1.1	10.4	2.7	1.1	14.0	10.1	28.6	26.4	26.3	288.1	54.9	17.9	1090.0	340.0	215.0	693	411	0.0	1.0	8.0	16.0	0.0	2.0	0.0	0.0	2.0	5.0	0.0	1.0	0.0	0.0	2.0	4.0	0.0	0.0	0.0	0.0	23.8	78.2	28.0	28.1	24.9	7.9	1099.0	2
40-65	Oklahoma	Jackson	26518	33.0	14.9	30.1	57.4	10.9	1.6	86.5	7.9	2.0	1.6	18.2	75.5	24.5	8.4	1.3	12.8	5.4	1.1	11.2	6.5	31.6	16.3	12.5	233.5	66.2	13.4	3419.0	521.0	560.0	1513	1160	0.0	1.0	40.0	24.0	23.0	10.0	2.0	0.0	1.0	3.0	3.0	3.0	0.0	0.0	0.0	4.0	0.0	0.0	0.0	3.0	30.6	77.9	25.4	30.4	25.5	10.4	4971.0	2
21-177	Kentucky	Muhlenberg	31548	66.0	17.3	22.6	62.0	13.4	2.1	94.7	4.7	0.0	0.1	0.8	74.9	23.7	8.5	1.9	15.9	5.0	1.0	19.3	5.7	29.7	22.7	18.8	234.1	85.1	13.1	7538.0	1135.0	1834.0	2119	1731	2.0	2.0	13.0	25.0	2.0	19.0	0.0	2.0	3.0	8.0	1.0	5.0	0.0	0.0	0.0	3.0	0.0	0.0	1.0	5.0	36.5	81.9	32.9	27.7	27.8	9.3	4585.0	2
26-159	Michigan	Van Buren	78812	129.0	12.2	27.2	60.4	10.7	1.8	92.3	4.8	0.9	0.4	8.7	76.6	16.7	7.0	1.1	10.7	4.8	1.8	19.0	6.2	36.5	26.7	20.2	180.7	52.0	12.3	10764.0	2785.0	1955.0	4338	4947	7.0	4.0	48.0	65.0	18.0	31.0	1.0	0.0	4.0	12.0	10.0	12.0	0.0	0.0	0.0	8.0	0.0	0.0	0.0	4.0	25.7	79.5	23.8	26.5	23.3	6.4	10781.0	2
29-71	Missouri	Franklin	99090	107.0	8.4	25.9	61.7	10.9	1.5	97.8	0.9	0.2	0.3	0.9	75.9	17.0	6.6	1.3	11.0	3.6	1.9	6.9	5.4	27.9	27.8	21.7	235.0	64.6	16.5	14630.0	3020.0	1994.0	6437	4669	8.0	14.0	61.0	67.0	20.0	29.0	2.0	5.0	6.0	10.0	7.0	5.0	0.0	0.0	13.0	29.0	0.0	0.0	0.0	0.0	26.7	72.7	25.6	24.3	29.9	5.6	7218.0	2
39-157	Ohio	Tuscarawas	91944	162.0	9.7	24.5	60.2	13.0	2.3	97.9	0.8	0.2	0.3	1.0	76.9	14.0	6.7	0.9	10.8	2.5	1.3	14.7	6.3	28.7	26.0	19.6	183.0	51.3	11.5	12327.0	2703.0	1840.0	6357	4440	9.0	9.0	83.0	59.0	7.0	14.0	4.0	5.0	9.0	9.0	0.0	9.0	0.0	0.0	3.0	14.0	0.0	0.0	1.0	5.0	28.9	85.0	33.9	26.1	23.5	7.3	8081.0	2
6-81	California	San Mateo	699610	1558.0	6.8	24.5	62.5	11.0	2.0	68.5	3.4	0.5	24.8	22.3	80.3	13.1	6.3	1.0	9.6	1.7	5.2	12.8	4.1	19.5	23.4	17.4	129.1	42.4	7.1	71026.0	15693.0	19311.0	36884	44971	35.0	21.0	0.0	274.0	0.0	84.0	1.0	21.0	98.0	84.0	4.0	42.0	2.0	0.0	48.0	63.0	0.0	0.0	39.0	21.0	18.8	71.0	14.4	21.6	16.8	4.2	84134.0	2
47-73	Tennessee	Hawkins	56196	115.0	14.1	22.5	63.2	12.7	1.6	97.4	1.7	0.1	0.3	0.8	75.6	24.8	8.3	1.5	12.4	4.2	1.0	12.6	7.4	25.3	26.3	18.5	261.3	72.4	14.6	11775.0	1555.0	2529.0	3647	2824	2.0	3.0	26.0	38.0	4.0	11.0	3.0	0.0	6.0	5.0	10.0	5.0	0.0	0.0	1.0	3.0	0.0	0.0	0.0	3.0	42.1	70.3	18.3	27.0	24.6	10.1	6274.0	2
5-149	Arkansas	Yell	21391	23.0	15.6	26.3	59.1	12.6	2.0	95.4	1.5	0.7	1.3	17.1	74.7	21.3	7.7	1.4	10.6	7.7	1.1	20.5	5.5	33.5	19.6	25.2	256.1	85.3	12.3	5052.0	429.0	762.0	1347	1179	1.0	2.0	34.0	27.0	0.0	10.0	0.0	0.0	7.0	17.0	14.0	4.0	0.0	0.0	3.0	8.0	0.0	0.0	0.0	2.0	31.6	81.0	25.5	21.0	27.9	8.9	4389.0	2
5-93	Arkansas	Mississippi	47911	53.0	22.3	30.2	57.5	10.8	1.6	63.9	34.1	0.3	0.4	2.7	71.6	25.6	11.4	2.1	17.3	9.6	0.7	18.5	10.5	55.4	26.1	29.4	276.0	78.4	12.5	10477.0	1743.0	1831.0	2869	2632	0.0	0.0	66.0	51.0	91.0	25.0	0.0	3.0	17.0	8.0	7.0	10.0	0.0	0.0	1.0	5.0	0.0	0.0	4.0	8.0	42.5	81.6	29.3	33.0	28.5	7.0	10149.0	2
13-135	Georgia	Gwinnett	726273	1678.0	8.2	29.0	65.2	5.3	0.5	69.5	19.3	0.4	9.2	15.8	78.3	9.0	7.0	1.4	10.7	2.2	2.5	13.4	6.5	24.7	23.6	16.3	115.6	51.7	9.6	58182.0	17829.0	15666.0	41823	35869	13.0	19.0	221.0	253.0	105.0	78.0	23.0	19.0	188.0	78.0	86.0	39.0	1.0	0.0	8.0	58.0	0.0	0.0	38.0	19.0	22.7	76.3	19.2	20.2	19.8	5.5	92558.0	2
31-109	Nebraska	Lancaster	264814	316.0	9.5	24.9	64.7	8.9	1.6	91.6	3.0	0.7	3.2	4.1	79.0	9.5	7.1	1.3	12.1	2.6	2.3	15.2	6.4	25.9	24.5	19.1	113.5	49.2	11.8	15837.0	5486.0	3982.0	16060	11053	7.0	15.0	93.0	92.0	59.0	31.0	1.0	8.0	7.0	15.0	9.0	8.0	0.0	0.0	4.0	31.0	0.0	0.0	2.0	8.0	22.8	78.8	21.3	20.6	20.6	5.4	23280.0	2
28-81	Mississippi	Lee	78793	175.0	14.1	27.4	60.6	10.7	1.3	72.7	25.8	0.2	0.6	1.3	74.4	22.4	9.0	1.7	18.4	6.9	1.2	9.1	9.9	37.6	26.3	19.7	135.8	69.5	12.2	12968.0	2592.0	2319.0	4524	3484	1.0	15.0	158.0	54.0	72.0	27.0	1.0	0.0	2.0	11.0	9.0	11.0	0.0	0.0	0.0	8.0	0.0	0.0	12.0	4.0	33.1	77.5	25.5	35.7	19.7	9.8	10268.0	2
38-17	North Dakota	Cass	131019	74.0	8.7	22.7	67.6	8.1	1.6	95.2	1.3	1.2	1.2	1.5	79.1	8.2	6.5	0.9	11.1	1.4	1.8	11.0	4.4	23.5	28.0	20.3	140.5	50.0	9.7	7698.0	2206.0	1383.0	7536	4949	5.0	8.0	35.0	45.0	15.0	15.0	4.0	4.0	3.0	8.0	2.0	4.0	0.0	0.0	6.0	15.0	0.0	0.0	0.0	4.0	18.9	80.2	20.9	20.2	21.3	4.9	9220.0	2
12-19	Florida	Clay	171095	285.0	7.4	26.5	63.3	9.4	0.8	86.6	8.7	0.5	2.5	5.5	75.9	12.5	7.0	1.2	11.4	2.9	1.7	10.0	7.6	28.6	23.7	21.9	222.4	83.4	16.6	15154.0	2843.0	4770.0	8959	9192	0.0	9.0	161.0	59.0	77.0	18.0	1.0	5.0	4.0	9.0	6.0	5.0	0.0	0.0	3.0	18.0	0.0	0.0	4.0	0.0	21.4	75.6	20.6	21.8	28.9	7.9	17984.0	2
33-17	New Hampshire	Strafford	119015	323.0	8.5	24.5	64.0	9.8	1.7	96.0	0.9	0.3	1.8	1.3	78.1	12.2	6.4	1.0	9.4	1.8	2.4	9.8	4.3	29.1	26.7	18.0	169.5	63.2	12.5	10357.0	2309.0	1610.0	6591	9289	9.0	7.0	32.0	42.0	3.0	14.0	6.0	3.0	2.0	7.0	3.0	3.0	0.0	0.0	16.0	14.0	0.0	0.0	2.0	3.0	22.5	70.3	20.2	26.1	23.0	6.4	9841.0	2
30-81	Montana	Ravalli	39940	17.0	14.0	22.7	61.1	13.9	2.2	97.4	0.2	1.0	0.4	2.4	77.8	12.8	6.5	1.2	12.5	3.1	3.1	14.0	7.6	22.6	13.1	18.3	88.1	48.1	15.8	3511.0	861.0	935.0	2918	2024	5.0	2.0	12.0	24.0	0.0	7.0	0.0	2.0	1.0	6.0	4.0	4.0	0.0	0.0	17.0	11.0	0.0	0.0	0.0	2.0	17.7	75.3	17.3	27.2	19.7	6.2	6529.0	2
48-121	Texas	Denton	554642	624.0	8.3	28.3	66.4	4.9	0.5	85.1	7.1	0.6	5.6	15.2	78.3	12.1	6.9	1.1	12.3	2.2	2.6	13.3	5.3	17.5	22.9	16.6	167.7	50.8	8.8	36451.0	13174.0	13684.0	28552	24344	3.0	15.0	176.0	175.0	100.0	88.0	0.0	15.0	28.0	29.0	40.0	29.0	0.0	0.0	84.0	44.0	0.0	0.0	7.0	15.0	22.2	80.1	23.3	17.3	17.3	4.6	57081.0	2
21-115	Kentucky	Johnson	24001	92.0	21.0	23.6	63.8	11.3	1.3	99.0	0.3	0.1	0.3	0.7	73.6	34.5	8.7	1.3	14.6	6.2	0.7	14.8	8.7	25.9	25.7	19.0	244.0	86.2	10.8	5942.0	681.0	2272.0	1591	1325	1.0	2.0	18.0	28.0	0.0	12.0	2.0	0.0	0.0	5.0	2.0	5.0	0.0	0.0	2.0	2.0	0.0	0.0	0.0	2.0	42.1	84.5	33.9	31.8	32.6	11.6	3817.0	2
54-9	West Virginia	Brooke	24515	276.0	11.7	20.6	60.6	16.3	2.5	98.2	0.9	0.0	0.4	0.6	75.7	23.4	7.7	0.6	11.5	3.5	1.3	17.0	4.3	32.7	31.0	24.4	204.9	67.3	15.3	3546.0	791.0	1345.0	1875	1051	0.0	3.0	10.0	15.0	1.0	3.0	1.0	0.0	9.0	3.0	1.0	3.0	0.0	0.0	1.0	4.0	0.0	0.0	1.0	1.0	32.8	82.3	28.7	26.7	29.6	11.2	2330.0	2
19-187	Iowa	Webster	39003	55.0	10.8	24.6	58.8	13.8	2.8	93.8	3.8	0.4	1.0	2.8	77.5	16.3	5.9	1.3	11.9	3.2	1.5	14.8	8.2	41.7	28.8	20.8	222.3	59.8	11.0	4107.0	924.0	738.0	2208	1489	12.0	4.0	23.0	24.0	4.0	4.0	0.0	0.0	3.0	4.0	1.0	4.0	0.0	0.0	0.0	6.0	0.0	0.0	2.0	2.0	28.2	83.0	26.0	31.5	24.4	9.8	3832.0	2
55-17	Wisconsin	Chippewa	59950	59.0	9.0	23.8	62.5	11.6	2.1	97.9	0.3	0.4	0.9	0.8	78.1	12.6	6.2	1.1	11.6	2.3	2.0	13.9	5.9	25.8	25.3	17.6	166.1	46.9	13.7	6356.0	1718.0	1380.0	3917	3221	15.0	8.0	36.0	39.0	6.0	17.0	5.0	3.0	7.0	6.0	0.0	3.0	0.0	0.0	15.0	17.0	0.0	0.0	1.0	0.0	19.2	75.9	20.6	27.0	23.0	5.6	4293.0	2
54-97	West Virginia	Upshur	23712	67.0	18.8	23.4	61.3	13.3	2.0	98.3	0.6	0.2	0.5	0.6	75.8	24.1	7.1	1.3	11.0	4.7	0.9	12.7	8.5	30.2	24.6	21.3	241.4	59.5	12.2	4007.0	494.0	1344.0	1756	1096	0.0	0.0	18.0	38.0	0.0	9.0	2.0	0.0	2.0	5.0	0.0	5.0	0.0	0.0	18.0	7.0	0.0	0.0	0.0	7.0	28.0	82.7	26.2	25.8	29.7	10.7	3343.0	2
13-245	Georgia	Richmond	195769	604.0	18.6	29.0	60.0	9.8	1.2	43.7	52.7	0.3	1.7	2.6	72.7	18.0	10.3	2.1	12.8	6.0	1.4	18.3	10.7	55.8	28.0	20.1	174.1	65.0	12.0	26394.0	6444.0	5305.0	11316	10262	2.0	12.0	189.0	113.0	63.0	107.0	8.0	6.0	18.0	24.0	21.0	24.0	0.0	0.0	1.0	12.0	0.0	0.0	45.0	24.0	30.6	77.8	27.7	28.7	27.3	9.3	34098.0	2
18-95	Indiana	Madison	130412	288.0	11.0	24.8	60.0	13.0	2.2	90.3	8.1	0.2	0.4	2.0	75.7	19.7	9.0	1.4	14.1	3.5	1.1	16.4	10.6	42.0	22.0	16.5	174.5	72.4	14.1	17601.0	4177.0	3114.0	8885	5530	4.0	4.0	32.0	51.0	3.0	16.0	5.0	4.0	4.0	8.0	1.0	8.0	1.0	0.0	0.0	12.0	0.0	0.0	1.0	8.0	28.3	77.8	27.1	30.1	29.4	8.4	14070.0	2
16-31	Idaho	Cassia	21324	8.0	14.6	32.4	54.7	10.8	2.1	97.6	0.3	0.9	0.4	20.9	76.6	16.7	7.4	1.0	12.0	5.0	1.8	25.3	8.7	22.1	22.4	21.9	166.6	33.4	18.6	2858.0	466.0	504.0	1252	922	15.0	2.0	31.0	34.0	35.0	17.0	0.0	0.0	41.0	15.0	10.0	4.0	1.0	0.0	33.0	6.0	0.0	0.0	0.0	6.0	24.6	76.0	21.5	21.1	17.5	6.6	5177.0	2
19-5	Iowa	Allamakee	14709	23.0	9.2	23.1	59.2	14.7	3.0	99.0	0.2	0.3	0.2	6.9	78.1	6.6	4.6	0.8	8.7	3.7	1.7	16.5	7.1	23.0	28.7	27.7	138.8	38.7	10.5	1908.0	452.0	233.0	847	531	5.0	3.0	18.0	16.0	2.0	4.0	0.0	0.0	4.0	6.0	1.0	1.0	0.0	0.0	1.0	4.0	0.0	0.0	0.0	0.0	23.1	78.1	16.7	18.7	27.4	2.9	1735.0	2
34-15	New Jersey	Gloucester	276910	853.0	6.7	26.0	62.5	10.1	1.4	86.9	9.9	0.2	2.0	3.1	76.7	13.6	7.8	1.4	12.3	1.7	2.9	19.4	6.5	26.6	32.1	27.6	200.4	70.1	9.0	28303.0	6338.0	5718.0	14245	14514	3.0	16.0	59.0	103.0	23.0	32.0	1.0	8.0	17.0	16.0	27.0	8.0	0.0	0.0	6.0	32.0	0.0	0.0	4.0	0.0	24.5	76.1	22.4	25.8	22.8	8.1	27862.0	2
15-3	Hawaii	Honolulu	905266	1509.0	10.5	24.6	61.4	11.8	2.2	22.9	3.0	0.3	55.1	4.7	80.5	12.5	8.5	1.4	13.2	2.3	3.3	13.3	7.3	29.3	17.2	17.1	98.3	33.4	9.5	91741.0	12197.0	13613.0	46831	58004	46.0	27.0	608.0	346.0	147.0	106.0	49.0	27.0	42.0	106.0	48.0	53.0	26.0	0.0	54.0	80.0	1.0	0.0	34.0	27.0	19.0	77.1	17.8	23.9	18.0	6.9	106915.0	2
54-69	West Virginia	Ohio	45112	425.0	14.6	22.1	59.2	16.2	2.6	94.5	3.6	0.1	0.9	0.6	75.5	17.5	9.1	1.4	14.1	4.0	2.2	13.1	9.5	37.8	25.2	28.0	218.3	70.9	11.9	5288.0	1013.0	1813.0	3394	1994	4.0	2.0	47.0	37.0	0.0	12.0	3.0	0.0	23.0	5.0	4.0	5.0	0.0	0.0	0.0	2.0	0.0	0.0	0.0	2.0	22.1	84.4	23.4	28.7	27.4	10.4	4190.0	2
15-7	Hawaii	Kauai	62640	101.0	10.5	25.9	60.0	11.7	2.4	33.9	0.4	0.4	43.8	5.7	79.7	13.4	7.3	1.2	9.8	4.3	4.1	23.1	4.5	42.9	20.3	19.4	127.4	34.8	11.2	6968.0	884.0	836.0	3192	3949	6.0	6.0	46.0	47.0	2.0	9.0	9.0	3.0	5.0	9.0	4.0	3.0	1.0	0.0	24.0	15.0	0.0	0.0	0.0	0.0	17.3	77.0	17.4	26.2	20.7	7.0	8126.0	2
46-83	South Dakota	Lincoln	33381	58.0	4.4	26.4	65.8	6.3	1.4	96.8	0.6	0.6	0.9	1.0	78.5	6.6	6.0	1.1	9.6	1.6	1.5	10.9	5.0	14.9	38.1	22.1	171.9	41.0	7.6	2245.0	466.0	419.0	1829	1263	11.0	7.0	21.0	27.0	3.0	20.0	0.0	0.0	1.0	9.0	1.0	2.0	0.0	2.0	1.0	7.0	0.0	0.0	0.0	0.0	19.8	83.9	18.9	18.7	20.6	4.3	1873.0	1
41-19	Oregon	Douglas	104202	21.0	14.0	22.5	58.6	16.2	2.7	95.0	0.3	1.6	0.9	3.8	76.2	22.1	6.2	1.2	8.8	4.2	1.6	13.3	9.0	38.4	28.6	20.4	138.6	61.4	15.3	13836.0	3835.0	2983.0	7826	7708	3.0	3.0	13.0	49.0	2.0	30.0	1.0	0.0	3.0	9.0	4.0	12.0	0.0	0.0	0.0	12.0	0.0	0.0	0.0	6.0	23.1	79.3	27.5	34.0	27.5	7.8	13561.0	2
4-19	Arizona	Pima	924786	101.0	14.3	26.0	59.6	12.5	1.9	88.7	3.4	3.6	2.6	31.6	77.3	13.7	7.4	1.1	12.2	4.9	2.1	28.5	7.0	42.5	22.7	18.2	146.7	47.2	16.2	99444.0	19949.0	18572.0	51475	52043	18.0	26.0	489.0	368.0	384.0	368.0	37.0	26.0	178.0	131.0	117.0	105.0	0.0	0.0	397.0	79.0	0.0	0.0	92.0	158.0	20.9	70.7	19.7	23.8	18.7	6.6	149746.0	2
30-49	Montana	Lewis and Clark	58449	17.0	11.7	23.0	64.5	10.7	1.8	95.6	0.3	2.1	0.6	1.7	77.7	12.1	8.3	1.3	11.7	3.5	2.4	8.5	7.2	26.5	32.3	18.6	109.9	59.3	17.9	3447.0	1154.0	1124.0	4252	3040	14.0	6.0	36.0	42.0	4.0	11.0	0.0	3.0	5.0	6.0	4.0	6.0	0.0	0.0	7.0	11.0	0.0	0.0	0.0	0.0	19.5	78.6	20.5	21.1	18.3	5.7	6333.0	2
17-113	Illinois	McLean	159013	134.0	9.4	25.7	64.5	8.2	1.5	89.3	6.5	0.1	2.7	3.1	78.6	8.8	7.0	1.4	12.5	2.1	1.8	10.1	9.2	25.4	24.5	20.3	164.1	54.8	9.8	8574.0	3513.0	2108.0	8625	11629	2.0	9.0	51.0	56.0	17.0	19.0	2.0	5.0	4.0	9.0	2.0	5.0	0.0	0.0	9.0	19.0	0.0	0.0	4.0	5.0	19.4	79.2	20.9	19.0	19.4	6.1	14905.0	2
5-85	Arkansas	Lonoke	60658	79.0	10.8	26.8	62.9	9.3	1.1	91.5	6.5	0.5	0.6	2.3	75.0	16.8	7.8	1.3	12.9	4.1	1.1	15.6	7.7	28.3	24.8	28.6	165.2	72.0	11.4	8730.0	1228.0	1583.0	3804	3492	0.0	5.0	147.0	38.0	19.0	14.0	1.0	0.0	0.0	5.0	6.0	3.0	0.0	0.0	115.0	14.0	0.0	0.0	0.0	3.0	27.8	81.5	23.2	21.1	29.5	6.3	7148.0	2
21-89	Kentucky	Greenup	37184	107.0	14.6	22.8	61.4	14.2	1.6	98.0	0.7	0.2	0.5	0.6	75.2	30.1	9.1	1.4	15.3	4.6	1.5	10.3	8.8	26.3	22.2	18.2	202.3	80.8	7.1	6535.0	1107.0	2313.0	2489	1996	3.0	2.0	16.0	26.0	5.0	7.0	0.0	0.0	0.0	4.0	0.0	4.0	0.0	0.0	1.0	2.0	0.0	0.0	0.0	2.0	37.1	82.6	29.5	37.7	27.9	10.9	4647.0	2
30-67	Montana	Park	15968	6.0	12.5	20.9	64.4	12.1	2.6	97.3	0.5	0.9	0.4	2.5	79.3	12.4	6.0	0.9	8.6	2.8	5.6	13.9	4.5	21.0	23.2	23.3	107.6	53.2	22.3	1435.0	356.0	447.0	1191	772	2.0	5.0	15.0	17.0	1.0	3.0	0.0	0.0	5.0	6.0	3.0	2.0	0.0	0.0	4.0	3.0	0.0	0.0	0.0	0.0	20.9	74.8	13.7	20.3	18.3	3.2	2443.0	2
27-145	Minnesota	Stearns	142654	106.0	8.0	25.4	63.1	9.7	1.8	95.3	1.5	0.3	1.9	1.7	80.8	9.2	6.9	1.1	10.9	1.8	2.5	11.5	5.8	24.3	19.0	17.3	95.7	39.0	8.7	11944.0	3472.0	1710.0	7803	9158	25.0	8.0	49.0	54.0	15.0	17.0	6.0	4.0	4.0	8.0	2.0	4.0	0.0	0.0	34.0	17.0	0.0	0.0	2.0	0.0	16.1	77.1	18.9	18.9	18.5	3.9	10602.0	2
13-63	Georgia	Clayton	267966	1879.0	13.9	31.0	62.1	6.2	0.6	30.9	62.1	0.3	5.1	10.3	74.8	13.9	10.2	2.3	13.8	4.4	1.9	16.9	10.2	48.0	27.5	17.2	189.3	56.8	11.5	32394.0	9076.0	6699.0	15024	13365	1.0	8.0	83.0	167.0	144.0	84.0	12.0	8.0	66.0	23.0	63.0	15.0	0.0	0.0	1.0	15.0	0.0	0.0	49.0	8.0	26.8	82.1	26.0	27.0	23.6	5.8	42397.0	2
19-129	Iowa	Mills	15284	35.0	8.3	24.6	63.5	10.0	1.9	98.7	0.4	0.2	0.3	2.2	76.4	16.4	6.4	1.4	11.0	2.2	1.5	12.8	4.0	27.3	33.4	26.5	247.0	52.3	11.4	1738.0	359.0	468.0	863	562	2.0	4.0	10.0	17.0	8.0	13.0	0.0	0.0	0.0	6.0	1.0	1.0	0.0	1.0	10.0	4.0	0.0	0.0	1.0	0.0	22.5	75.6	22.6	26.2	29.5	6.0	931.0	2
37-97	North Carolina	Iredell	140924	245.0	10.2	26.0	61.6	11.0	1.4	84.7	12.8	0.3	1.5	4.8	75.9	18.3	9.3	1.7	12.9	4.1	2.0	22.4	8.5	31.1	19.8	22.7	172.5	57.6	10.7	20445.0	3574.0	3086.0	8112	9140	3.0	8.0	49.0	47.0	4.0	16.0	4.0	4.0	9.0	8.0	9.0	4.0	0.0	0.0	9.0	16.0	0.0	0.0	1.0	4.0	25.2	78.4	24.3	28.8	27.2	6.4	14939.0	2
40-87	Oklahoma	McClain	30096	53.0	10.9	24.9	62.0	11.9	1.2	89.6	0.8	6.0	0.3	5.3	75.0	14.5	7.5	1.7	12.3	3.8	1.3	13.8	11.6	24.5	12.8	17.2	247.5	63.0	15.9	4159.0	599.0	693.0	1838	1339	0.0	1.0	23.0	24.0	28.0	10.0	2.0	0.0	5.0	3.0	5.0	3.0	0.0	0.0	0.0	4.0	0.0	0.0	0.0	3.0	28.2	82.2	25.7	27.4	22.8	6.9	4589.0	2
40-21	Oklahoma	Cherokee	44671	59.0	19.2	26.4	61.3	11.1	1.2	58.5	1.6	32.7	0.4	5.1	74.3	25.3	6.8	0.9	12.1	6.0	1.0	31.5	5.9	40.1	32.2	21.5	227.8	62.3	11.8	6245.0	898.0	1443.0	2687	2271	1.0	0.0	25.0	41.0	8.0	19.0	2.0	0.0	5.0	4.0	3.0	4.0	0.0	0.0	8.0	2.0	0.0	0.0	0.0	6.0	33.2	83.9	26.1	30.6	25.8	8.9	9497.0	2
25-9	Massachusetts	Essex	738301	1475.0	9.7	25.7	60.9	11.1	2.3	89.4	5.2	0.3	3.1	13.2	78.5	13.9	7.2	1.3	10.5	2.3	4.0	10.2	4.9	29.0	25.0	21.8	141.9	56.5	6.4	76453.0	19494.0	17805.0	43283	66171	28.0	22.0	338.0	287.0	86.0	88.0	23.0	22.0	58.0	88.0	35.0	44.0	0.0	0.0	310.0	66.0	0.0	0.0	14.0	22.0	23.9	70.2	18.7	23.8	18.7	6.1	74495.0	2
21-83	Kentucky	Graves	37625	68.0	15.0	24.7	59.7	13.4	2.2	93.7	4.6	0.3	0.3	4.4	75.3	29.1	8.0	1.2	12.8	5.1	1.4	16.5	7.0	31.6	22.1	24.3	209.1	76.3	14.0	6794.0	1671.0	2183.0	2459	2040	2.0	2.0	35.0	30.0	115.0	9.0	1.0	0.0	4.0	4.0	3.0	4.0	0.0	0.0	0.0	2.0	0.0	0.0	1.0	2.0	33.1	78.8	25.1	30.5	32.6	8.5	5376.0	2
19-35	Iowa	Cherokee	12237	21.0	8.1	21.6	57.7	17.2	3.4	98.7	0.4	0.2	0.5	1.9	78.2	5.9	5.2	0.8	10.0	2.8	1.2	7.7	2.6	28.3	28.8	20.4	224.3	38.7	10.2	1097.0	337.0	248.0	718	436	5.0	7.0	79.0	18.0	34.0	8.0	0.0	0.0	1.0	4.0	2.0	0.0	0.0	0.0	1.0	4.0	0.0	0.0	0.0	0.0	24.3	79.5	21.3	27.2	13.8	5.7	1061.0	2
28-91	Mississippi	Marion	25235	47.0	21.7	27.2	58.8	12.4	1.7	66.7	32.4	0.2	0.3	0.7	72.2	26.3	10.0	1.9	15.4	6.5	0.6	10.5	4.8	41.7	17.7	19.8	170.7	85.3	9.1	5413.0	938.0	1005.0	1454	1168	1.0	0.0	40.0	24.0	1.0	11.0	0.0	0.0	0.0	3.0	3.0	3.0	0.0	0.0	0.0	1.0	0.0	0.0	1.0	4.0	38.7	80.6	31.0	25.1	34.9	10.4	4790.0	1
6-13	California	Contra Costa	1017787	1414.0	7.5	27.0	61.6	9.7	1.7	72.7	9.6	0.7	13.5	20.7	78.8	14.1	6.4	1.0	9.8	2.2	4.4	10.6	4.0	25.3	27.1	17.2	152.5	46.6	9.4	87405.0	24606.0	19668.0	52118	67356	36.0	30.0	0.0	385.0	0.0	119.0	4.0	30.0	108.0	119.0	60.0	59.0	2.0	0.0	37.0	89.0	0.0	0.0	42.0	30.0	21.0	72.8	21.6	23.7	14.2	5.4	119080.0	2
21-173	Kentucky	Montgomery	24256	122.0	14.5	25.0	62.3	11.1	1.6	95.8	3.3	0.1	0.1	1.3	75.0	25.9	7.9	1.4	13.1	5.6	0.8	15.4	8.7	28.6	31.1	28.9	223.4	83.8	12.4	4863.0	819.0	1388.0	1577	1297	2.0	2.0	18.0	26.0	0.0	11.0	1.0	0.0	5.0	4.0	2.0	4.0	0.0	0.0	0.0	2.0	0.0	0.0	0.0	2.0	38.3	82.9	30.1	30.3	32.4	9.8	3117.0	2
26-145	Michigan	Saginaw	208356	258.0	13.4	26.8	59.4	11.6	2.2	77.8	19.3	0.5	1.0	6.9	76.5	18.0	8.9	1.8	12.8	5.2	1.9	10.4	9.3	47.1	25.2	19.7	183.0	60.2	9.4	24922.0	7696.0	6826.0	11524	13118	0.0	6.0	38.0	101.0	13.0	63.0	0.0	0.0	6.0	19.0	2.0	25.0	0.0	0.0	2.0	25.0	0.0	0.0	4.0	13.0	25.7	81.3	31.8	30.2	21.9	9.5	29913.0	2
56-7	Wyoming	Carbon	15331	2.0	12.2	21.4	65.2	11.8	1.5	96.3	1.0	1.2	1.0	13.0	77.4	14.9	8.8	1.3	12.5	6.0	1.4	19.7	8.8	32.5	28.4	25.3	216.7	48.1	27.9	1791.0	311.0	504.0	1139	681	1.0	3.0	22.0	16.0	2.0	5.0	8.0	2.0	22.0	16.0	8.0	5.0	1.0	0.0	4.0	8.0	0.0	0.0	0.0	0.0	24.6	80.6	25.2	31.6	25.6	6.2	2446.0	1
45-83	South Carolina	Spartanburg	266809	329.0	12.9	25.2	62.2	11.0	1.6	76.2	20.9	0.3	1.7	4.1	74.4	17.1	10.2	1.7	15.7	5.6	1.5	21.3	7.8	30.7	33.3	19.0	170.9	66.6	11.5	48069.0	10043.0	7900.0	15646	12705	1.0	8.0	74.0	101.0	3.0	31.0	3.0	8.0	14.0	16.0	17.0	16.0	0.0	0.0	5.0	23.0	0.0	0.0	14.0	16.0	27.9	76.8	25.1	28.3	25.3	8.2	34411.0	2
1-103	Alabama	Morgan	113740	195.0	13.2	24.8	62.0	11.8	1.4	85.7	11.8	0.7	0.7	4.6	75.2	18.3	8.7	1.5	14.3	5.3	1.3	20.0	5.2	29.0	24.9	20.7	127.1	70.7	15.5	18217.0	2266.0	4163.0	6428	5407	1.0	3.0	39.0	44.0	11.0	13.0	1.0	3.0	16.0	7.0	4.0	7.0	0.0	0.0	4.0	10.0	0.0	0.0	10.0	7.0	23.4	74.5	22.5	32.7	28.9	6.7	16097.0	2
38-3	North Dakota	Barnes	11075	7.0	10.3	20.8	59.2	15.4	4.6	97.8	0.8	0.8	0.3	0.7	78.3	12.1	5.2	1.3	9.1	2.3	1.1	17.8	12.1	25.6	31.9	24.4	165.9	43.1	18.0	1161.0	212.0	141.0	654	374	1.0	4.0	2.0	13.0	0.0	4.0	0.0	0.0	15.0	4.0	0.0	1.0	0.0	0.0	1.0	2.0	0.0	0.0	0.0	0.0	21.9	73.9	24.7	32.2	20.4	5.4	1019.0	2
31-25	Nebraska	Cass	25734	46.0	6.4	25.7	62.3	10.6	1.4	97.9	0.5	0.2	0.5	1.8	78.5	12.7	6.7	1.3	11.0	2.9	2.0	14.5	6.6	23.2	20.1	21.2	151.1	55.1	12.6	1814.0	576.0	401.0	1543	967	12.0	7.0	32.0	29.0	49.0	21.0	0.0	0.0	10.0	10.0	2.0	2.0	0.0	2.0	5.0	7.0	0.0	0.0	0.0	0.0	25.1	84.2	26.6	23.2	24.0	7.5	1990.0	2
29-19	Missouri	Boone	143326	209.0	11.7	24.9	66.1	7.7	1.2	85.9	8.6	0.4	3.2	2.1	78.0	12.1	8.1	1.4	12.0	2.3	2.1	11.2	6.7	29.7	34.9	15.3	139.2	51.8	12.3	9117.0	3013.0	2161.0	9472	8358	8.0	4.0	51.0	54.0	36.0	17.0	3.0	4.0	1.0	8.0	13.0	8.0	0.0	0.0	4.0	12.0	0.0	0.0	2.0	8.0	21.7	78.1	19.8	18.6	25.4	3.7	13943.0	2
19-41	Iowa	Clay	16897	30.0	8.4	22.4	59.2	15.1	3.3	98.6	0.2	0.1	0.9	1.9	79.4	13.6	6.9	1.0	10.5	2.6	1.4	8.6	5.6	28.0	30.7	22.3	171.7	38.1	10.7	1433.0	416.0	285.0	979	599	7.0	9.0	43.0	24.0	6.0	10.0	0.0	0.0	1.0	5.0	1.0	0.0	0.0	0.0	0.0	5.0	0.0	0.0	0.0	0.0	18.4	83.8	23.4	28.2	19.2	5.3	1097.0	2
8-43	Colorado	Fremont	47766	31.0	14.0	20.2	64.6	13.1	2.1	91.3	5.3	1.3	0.7	10.4	76.4	14.5	9.6	1.6	11.7	5.0	2.4	17.3	8.8	35.4	24.6	18.2	174.5	51.2	21.6	6694.0	1172.0	1375.0	3646	3712	5.0	2.0	39.0	30.0	1.0	9.0	5.0	2.0	4.0	7.0	5.0	5.0	0.0	0.0	4.0	14.0	0.0	0.0	0.0	2.0	20.9	79.3	15.1	23.5	25.6	4.8	6693.0	2
40-107	Oklahoma	Okfuskee	11434	18.0	20.5	22.9	60.8	14.0	2.3	68.0	9.7	18.2	0.1	2.0	74.4	22.4	6.8	1.2	10.4	9.4	1.2	29.7	5.4	40.0	30.4	24.3	294.6	55.0	13.5	2401.0	325.0	403.0	715	508	1.0	1.0	12.0	15.0	4.0	6.0	2.0	0.0	20.0	11.0	8.0	4.0	0.0	0.0	2.0	2.0	0.0	0.0	1.0	1.0	33.5	85.8	23.3	31.0	29.6	13.9	2444.0	1
48-157	Texas	Fort Bend	463650	530.0	8.4	28.9	65.0	5.6	0.5	62.4	21.1	0.4	14.9	22.3	78.9	12.7	7.5	1.3	13.4	2.9	2.9	12.8	4.6	22.1	25.2	19.3	171.1	47.9	9.5	45055.0	10887.0	9345.0	23760	20541	5.0	12.0	102.0	143.0	46.0	72.0	0.0	12.0	27.0	24.0	34.0	24.0	1.0	0.0	6.0	36.0	0.0	0.0	21.0	12.0	19.5	81.1	15.2	22.0	15.0	4.1	57540.0	2
27-19	Minnesota	Carver	84864	238.0	4.0	28.5	64.1	6.2	1.2	95.5	1.1	0.2	2.4	3.3	81.0	9.4	5.3	0.8	9.2	1.1	2.9	7.6	3.5	11.8	20.1	19.8	93.9	29.5	6.4	4585.0	1541.0	819.0	4434	4651	11.0	4.0	33.0	51.0	11.0	15.0	2.0	4.0	14.0	7.0	2.0	7.0	0.0	0.0	33.0	15.0	0.0	0.0	0.0	4.0	12.6	77.7	22.0	16.2	14.9	2.3	4324.0	2
19-137	Iowa	Montgomery	11313	27.0	10.1	23.6	57.4	15.1	4.0	98.9	0.2	0.4	0.3	2.4	77.0	17.9	7.2	1.3	12.9	3.5	1.2	11.2	9.5	28.7	25.2	21.1	183.2	54.8	15.7	1464.0	279.0	181.0	647	381	3.0	1.0	16.0	15.0	2.0	2.0	0.0	0.0	21.0	5.0	0.0	1.0	0.0	0.0	1.0	4.0	0.0	0.0	0.0	0.0	30.8	83.5	29.1	33.3	26.0	13.2	1126.0	2
36-87	New York	Rockland	292916	1681.0	9.7	28.4	59.0	11.3	1.3	80.2	11.9	0.3	6.5	12.1	79.0	17.3	6.7	1.2	10.0	0.8	4.9	21.2	4.1	15.9	25.1	18.2	227.9	42.6	4.6	27608.0	6274.0	5522.0	15709	16495	25.0	9.0	145.0	105.0	187.0	52.0	7.0	9.0	11.0	17.0	12.0	17.0	0.0	0.0	57.0	26.0	0.0	0.0	1.0	9.0	28.1	71.4	18.1	28.6	17.8	8.7	37462.0	2
50-17	Vermont	Orange	29287	43.0	9.2	22.8	64.1	11.3	1.8	98.3	0.3	0.3	0.5	0.8	78.6	11.7	6.2	1.0	8.9	2.5	3.2	8.5	3.9	28.7	17.3	18.6	182.1	48.6	13.9	3219.0	525.0	908.0	1845	2672	7.0	3.0	13.0	20.0	0.0	7.0	1.0	0.0	2.0	3.0	1.0	1.0	0.0	0.0	41.0	7.0	0.0	0.0	1.0	1.0	21.4	69.0	19.9	23.2	20.6	5.5	2724.0	2
19-163	Iowa	Scott	160998	352.0	10.3	25.5	62.4	10.4	1.8	89.9	6.2	0.3	1.9	4.4	77.3	10.2	7.1	1.3	11.6	4.0	1.7	14.8	5.5	38.9	24.6	20.3	153.8	59.4	10.9	14582.0	4250.0	2842.0	8983	5965	12.0	5.0	44.0	105.0	31.0	52.0	0.0	5.0	7.0	14.0	11.0	10.0	0.0	0.0	99.0	10.0	0.0	0.0	1.0	5.0	20.1	81.3	20.5	23.7	23.7	6.9	15478.0	2
31-89	Nebraska	Holt	10784	4.0	12.2	24.3	55.0	16.7	4.0	99.2	0.1	0.3	0.3	1.3	79.5	12.4	5.0	1.1	10.5	3.1	2.2	18.0	6.0	17.7	33.2	19.0	120.3	35.4	12.4	1152.0	195.0	219.0	660	393	8.0	5.0	22.0	15.0	4.0	4.0	0.0	0.0	3.0	6.0	0.0	1.0	0.0	0.0	1.0	1.0	0.0	0.0	0.0	0.0	30.8	83.2	24.4	19.6	17.1	5.0	1955.0	2
35-13	New Mexico	Dona Ana	189444	50.0	24.5	29.5	59.1	10.2	1.2	93.6	2.4	1.6	1.1	64.2	78.5	20.8	7.6	1.2	12.5	8.0	1.6	31.8	5.3	48.9	22.8	19.0	161.7	35.9	13.0	33447.0	5006.0	5484.0	11446	12264	2.0	11.0	135.0	102.0	143.0	97.0	3.0	5.0	17.0	22.0	8.0	22.0	0.0	0.0	9.0	11.0	0.0	0.0	7.0	22.0	27.7	81.1	22.6	19.9	18.3	6.9	49613.0	2
19-21	Iowa	Buena Vista	20151	35.0	9.5	25.9	58.5	12.7	2.9	94.0	1.3	0.2	4.0	18.5	78.5	11.6	6.0	0.7	10.7	4.8	1.6	18.4	3.7	30.0	26.6	29.2	191.6	33.6	7.4	2414.0	428.0	362.0	1124	803	6.0	4.0	99.0	27.0	18.0	8.0	0.0	0.0	4.0	4.0	5.0	2.0	0.0	0.0	2.0	4.0	0.0	0.0	2.0	0.0	21.2	75.0	25.1	29.8	20.6	10.9	2281.0	2
37-101	North Carolina	Johnston	146437	185.0	12.6	27.4	63.4	8.2	1.1	82.1	16.2	0.5	0.6	10.0	75.1	21.8	7.6	1.5	12.9	3.7	1.6	20.4	7.7	27.4	23.5	18.8	235.5	63.2	13.3	23073.0	3073.0	3264.0	8271	9444	0.0	4.0	57.0	52.0	4.0	16.0	0.0	4.0	6.0	8.0	3.0	8.0	0.0	0.0	6.0	12.0	0.0	0.0	8.0	8.0	31.9	76.5	25.1	24.2	26.0	7.9	17715.0	2
1-71	Alabama	Jackson	53650	50.0	14.5	23.7	61.7	13.1	1.5	92.6	3.8	1.6	0.3	1.6	74.5	22.6	9.3	1.6	14.4	4.5	0.6	13.6	6.4	27.6	26.4	19.7	187.2	69.3	12.5	12355.0	1219.0	2452.0	3076	2497	1.0	3.0	18.0	46.0	1.0	16.0	3.0	0.0	7.0	5.0	0.0	3.0	0.0	0.0	2.0	3.0	0.0	0.0	1.0	5.0	34.0	82.3	29.4	29.2	37.0	6.1	7294.0	2
27-169	Minnesota	Winona	49276	79.0	9.7	23.5	62.9	11.1	2.4	95.7	1.0	0.3	2.4	1.2	79.4	8.8	5.0	0.8	9.2	2.2	2.2	11.1	6.5	25.4	30.1	19.1	150.9	52.0	8.4	4726.0	1024.0	566.0	2771	3414	23.0	5.0	26.0	30.0	3.0	5.0	2.0	2.0	2.0	5.0	2.0	2.0	0.0	0.0	3.0	2.0	0.0	0.0	0.0	0.0	21.4	72.8	21.5	25.9	17.4	4.6	4418.0	2
54-11	West Virginia	Cabell	94031	334.0	17.6	22.2	61.7	14.1	2.0	93.7	4.3	0.2	0.7	0.7	74.5	21.4	9.9	1.9	16.2	4.0	1.4	10.3	7.5	34.2	29.3	23.9	212.2	72.1	11.8	12721.0	1994.0	5647.0	7058	4282	4.0	0.0	41.0	96.0	1.0	48.0	9.0	5.0	3.0	14.0	7.0	19.0	0.0	0.0	8.0	10.0	0.0	0.0	3.0	14.0	22.5	80.9	25.9	30.4	23.8	9.8	11213.0	2
29-31	Missouri	Cape Girardeau	71161	123.0	11.2	24.0	62.2	11.9	1.9	91.6	5.9	0.4	1.0	1.1	77.2	14.9	7.2	1.2	12.3	3.6	1.5	7.6	7.1	31.4	23.2	24.8	235.2	50.0	8.0	8703.0	1694.0	1741.0	4748	3688	5.0	7.0	101.0	52.0	7.0	14.0	1.0	3.0	19.0	7.0	12.0	7.0	0.0	0.0	2.0	14.0	0.0	0.0	1.0	0.0	25.7	80.9	24.5	26.9	20.1	8.1	5944.0	2
4-5	Arizona	Coconino	123866	7.0	15.6	29.0	63.3	7.0	0.7	66.1	1.3	29.9	1.2	11.6	78.5	10.8	7.7	1.0	12.8	5.0	2.5	18.1	5.6	45.0	25.9	13.9	114.8	33.1	19.2	11564.0	3544.0	2509.0	6647	7642	10.0	12.0	163.0	100.0	89.0	47.0	11.0	12.0	35.0	18.0	21.0	18.0	0.0	0.0	14.0	47.0	0.0	0.0	10.0	6.0	14.8	71.0	16.5	17.2	19.6	4.2	22678.0	2
49-7	Utah	Carbon	19437	13.0	13.5	28.8	57.6	11.6	1.9	97.5	0.3	1.2	0.6	10.8	79.0	18.1	9.0	1.4	11.9	5.2	1.3	18.4	5.7	28.1	18.7	22.9	174.0	36.4	28.0	2255.0	507.0	496.0	1439	738	5.0	2.0	47.0	32.0	5.0	16.0	1.0	0.0	10.0	14.0	2.0	4.0	0.0	0.0	6.0	6.0	0.0	0.0	1.0	6.0	26.3	84.2	22.1	29.1	19.4	6.6	3218.0	2
21-121	Kentucky	Knox	32069	83.0	26.3	26.1	61.3	11.0	1.6	97.8	1.1	0.2	0.2	0.7	73.9	32.4	9.7	1.6	15.9	6.4	0.8	15.9	9.7	30.2	35.6	22.2	246.4	98.1	15.5	9617.0	814.0	3061.0	2059	1794	0.0	0.0	12.0	35.0	2.0	13.0	0.0	0.0	0.0	2.0	2.0	3.0	0.0	0.0	0.0	0.0	0.0	0.0	0.0	6.0	41.2	88.2	26.4	37.3	31.3	7.6	6641.0	2
25-13	Massachusetts	Hampden	461591	746.0	14.4	25.7	60.4	11.5	2.4	86.7	9.5	0.4	2.0	17.2	76.7	16.5	8.5	1.4	11.5	5.0	2.4	17.3	5.8	47.0	26.1	21.7	145.3	55.3	7.9	63209.0	12842.0	10769.0	27095	43158	20.0	14.0	212.0	234.0	23.0	179.0	12.0	14.0	73.0	55.0	32.0	55.0	0.0	0.0	321.0	55.0	0.0	0.0	3.0	28.0	27.2	72.9	21.7	25.9	22.0	8.1	59589.0	2
13-219	Georgia	Oconee	29748	160.0	7.1	27.6	63.5	7.9	1.0	90.7	6.3	0.2	2.1	3.3	77.1	6.8	6.4	1.0	11.8	3.4	1.9	9.2	8.0	17.3	23.7	16.1	166.8	48.7	8.5	2518.0	520.0	709.0	1752	1550	7.0	7.0	54.0	30.0	33.0	22.0	0.0	0.0	5.0	10.0	7.0	2.0	0.0	2.0	2.0	7.0	0.0	0.0	0.0	0.0	24.8	75.4	15.6	18.0	16.5	5.3	2656.0	2
47-19	Tennessee	Carter	58865	173.0	16.6	20.6	64.5	13.2	1.7	97.2	1.6	0.2	0.3	1.2	75.5	26.9	9.7	1.8	12.8	4.7	0.9	14.5	9.1	30.4	29.6	21.6	227.5	62.8	12.1	12975.0	1637.0	3301.0	3917	3095	0.0	3.0	12.0	40.0	0.0	20.0	1.0	3.0	2.0	9.0	6.0	6.0	0.0	0.0	1.0	3.0	0.0	0.0	3.0	3.0	40.9	65.7	29.0	32.0	28.3	12.1	7403.0	2
19-33	Iowa	Cerro Gordo	44645	79.0	9.0	22.6	59.8	14.7	2.9	97.0	1.0	0.2	0.8	3.0	77.8	12.7	6.0	1.3	10.6	3.4	1.8	17.0	4.7	33.2	20.9	14.4	200.6	57.8	11.1	4030.0	1253.0	1124.0	2583	1569	2.0	5.0	40.0	25.0	8.0	5.0	0.0	2.0	2.0	5.0	1.0	2.0	0.0	0.0	16.0	5.0	0.0	0.0	1.0	2.0	21.5	82.2	24.4	23.5	21.1	6.1	3447.0	2
33-13	New Hampshire	Merrimack	146881	157.0	6.3	24.0	63.6	10.4	1.9	96.8	0.7	0.3	1.2	1.3	78.2	11.2	6.0	1.2	9.2	1.7	2.7	8.0	5.8	25.4	26.5	20.4	177.2	50.0	13.0	11696.0	2487.0	3829.0	8167	10391	8.0	8.0	45.0	51.0	0.0	17.0	7.0	4.0	4.0	8.0	3.0	4.0	0.0	0.0	52.0	17.0	0.0	0.0	6.0	4.0	19.6	70.3	20.0	23.3	21.2	6.2	10264.0	2
56-11	Wyoming	Crook	6182	2.0	8.5	21.9	62.0	13.8	2.3	98.5	0.1	1.1	0.1	1.1	77.4	13.1	5.7	0.9	10.6	3.9	1.7	14.8	0.0	19.9	26.7	33.6	142.8	41.9	20.8	607.0	111.0	147.0	457	290	2.0	2.0	7.0	6.0	1.0	2.0	0.0	0.0	0.0	3.0	1.0	1.0	0.0	0.0	0.0	3.0	0.0	0.0	0.0	0.0	25.1	82.6	21.9	22.5	24.3	5.4	815.0	2
6-65	California	Riverside	1946419	270.0	12.3	29.8	58.8	9.8	1.7	84.5	6.5	1.4	5.2	40.5	77.3	17.2	6.0	1.1	10.8	3.9	2.4	16.6	5.8	36.0	26.0	19.4	219.3	49.5	9.8	297794.0	42936.0	83445.0	96145	132670	11.0	51.0	0.0	459.0	0.0	255.0	4.0	0.0	217.0	204.0	295.0	153.0	1.0	0.0	49.0	153.0	0.0	0.0	148.0	204.0	28.0	72.2	23.4	24.9	16.3	6.8	320908.0	2
5-19	Arkansas	Clark	22916	26.0	17.2	24.4	61.3	12.1	2.1	75.3	22.3	0.5	1.1	3.9	75.5	18.4	7.9	1.5	12.6	4.9	1.1	30.2	6.5	32.6	27.8	21.6	230.8	61.5	10.0	3384.0	631.0	687.0	1490	1575	1.0	0.0	71.0	35.0	35.0	12.0	0.0	0.0	4.0	12.0	2.0	5.0	0.0	0.0	7.0	5.0	0.0	0.0	21.0	9.0	30.0	75.0	20.8	27.3	16.2	6.3	3575.0	2
45-77	South Carolina	Pickens	113575	229.0	11.5	23.9	63.7	10.7	1.7	90.8	6.7	0.2	1.6	2.3	76.7	15.8	7.8	1.6	13.2	4.2	1.5	19.5	7.5	27.2	19.1	15.8	161.0	63.9	14.4	18493.0	3829.0	3181.0	6808	6418	2.0	3.0	31.0	44.0	4.0	13.0	1.0	3.0	4.0	7.0	6.0	7.0	0.0	0.0	7.0	10.0	0.0	0.0	0.0	7.0	26.4	77.1	20.1	25.0	24.1	7.8	13335.0	2
22-1	Louisiana	Acadia	59552	91.0	19.9	29.0	58.7	10.9	1.4	80.3	18.9	0.2	0.2	1.0	73.4	23.9	10.8	1.4	15.2	5.5	1.2	21.7	10.2	45.5	39.9	26.5	185.7	73.1	11.1	13093.0	1572.0	2178.0	3038	3201	0.0	0.0	38.0	59.0	6.0	29.0	0.0	3.0	18.0	9.0	4.0	12.0	0.0	0.0	0.0	6.0	0.0	0.0	23.0	9.0	38.9	87.9	27.8	27.6	26.1	8.2	9501.0	1
18-107	Indiana	Montgomery	38239	76.0	9.2	26.3	59.3	12.5	2.0	97.8	1.0	0.2	0.5	2.4	76.3	14.6	7.7	1.4	13.0	4.2	1.4	15.7	5.7	34.0	21.2	23.1	182.3	56.2	16.2	3599.0	920.0	1118.0	2559	1661	4.0	4.0	33.0	23.0	9.0	4.0	0.0	2.0	12.0	4.0	1.0	2.0	0.0	0.0	1.0	2.0	0.0	0.0	1.0	0.0	29.3	76.4	23.3	22.9	32.5	7.8	3469.0	2
21-119	Kentucky	Knott	17561	50.0	23.7	23.4	64.7	10.3	1.6	98.7	0.8	0.1	0.2	0.7	72.8	35.4	9.2	1.2	13.9	7.3	1.1	16.0	6.9	26.3	26.1	18.1	285.4	107.0	9.2	4882.0	479.0	1527.0	1169	1021	0.0	0.0	7.0	34.0	1.0	18.0	0.0	0.0	2.0	7.0	4.0	5.0	0.0	0.0	0.0	0.0	0.0	0.0	0.0	16.0	45.3	77.8	25.5	33.9	34.8	9.4	2999.0	1
19-121	Iowa	Madison	15158	27.0	6.8	24.8	61.4	11.2	2.5	98.9	0.2	0.3	0.2	0.8	78.0	10.3	6.2	1.4	10.7	1.8	2.1	7.7	9.4	18.8	33.8	21.4	152.8	48.1	14.7	1275.0	395.0	240.0	853	547	5.0	7.0	10.0	19.0	3.0	8.0	2.0	0.0	4.0	4.0	1.0	0.0	0.0	0.0	3.0	4.0	0.0	0.0	0.0	0.0	28.1	79.4	26.1	20.1	20.3	3.8	1001.0	2
38-35	North Dakota	Grand Forks	65940	46.0	11.0	24.5	65.8	8.1	1.7	93.1	1.3	2.7	1.3	2.3	78.9	9.6	5.6	1.0	10.6	1.6	1.5	9.8	5.0	25.6	20.6	20.8	165.8	58.1	10.8	4168.0	1210.0	625.0	3740	2890	13.0	7.0	21.0	49.0	13.0	13.0	4.0	3.0	1.0	7.0	2.0	7.0	0.0	0.0	5.0	13.0	0.0	0.0	1.0	0.0	18.8	78.1	20.7	19.1	20.5	5.0	5849.0	2
31-19	Nebraska	Buffalo	43572	45.0	10.4	26.1	62.6	9.4	1.9	97.6	0.7	0.4	0.6	5.2	79.4	10.1	6.1	1.5	11.8	1.9	1.8	11.5	5.9	24.2	27.0	18.0	103.7	43.0	13.1	2815.0	744.0	587.0	2614	1955	49.0	4.0	37.0	25.0	5.0	4.0	0.0	2.0	3.0	4.0	3.0	4.0	0.0	0.0	0.0	6.0	0.0	0.0	0.0	2.0	23.1	82.1	24.8	21.0	20.4	4.3	4979.0	2
22-63	Louisiana	Livingston	109206	169.0	11.9	26.9	64.3	8.0	0.8	94.3	4.4	0.4	0.4	1.5	74.7	18.2	8.0	1.5	11.5	3.5	1.0	11.6	7.7	28.7	21.7	26.1	117.1	69.1	14.1	15907.0	2963.0	4249.0	5723	6004	0.0	19.0	71.0	67.0	39.0	34.0	2.0	0.0	4.0	14.0	7.0	14.0	0.0	0.0	0.0	10.0	0.0	0.0	15.0	5.0	32.9	82.7	25.1	30.0	31.1	7.7	13092.0	1
21-99	Kentucky	Hart	18319	44.0	19.4	24.9	61.8	11.7	1.6	93.8	5.4	0.2	0.2	1.1	75.2	25.5	7.6	1.5	10.8	5.3	1.2	19.9	5.9	23.4	21.9	21.9	191.2	78.4	14.5	5144.0	517.0	994.0	1195	1016	3.0	0.0	14.0	27.0	13.0	7.0	0.0	0.0	4.0	3.0	1.0	3.0	0.0	0.0	68.0	5.0	0.0	0.0	0.0	5.0	36.6	83.9	18.7	26.8	35.7	6.4	3302.0	1
37-87	North Carolina	Haywood	56482	102.0	13.3	21.2	58.9	17.5	2.5	97.1	1.4	0.6	0.4	1.7	76.9	25.2	8.2	1.6	11.5	4.3	1.3	8.0	6.0	27.4	23.9	18.1	137.5	57.0	22.1	9195.0	1195.0	2005.0	3455	3657	1.0	5.0	28.0	35.0	1.0	8.0	0.0	3.0	5.0	5.0	2.0	5.0	0.0	0.0	0.0	8.0	0.0	0.0	0.0	3.0	31.6	70.8	23.7	36.9	30.4	8.6	6741.0	2
37-119	North Carolina	Mecklenburg	796372	1513.0	12.0	27.5	64.1	7.4	1.0	64.8	29.8	0.4	3.9	8.9	76.9	13.0	8.6	1.7	12.2	3.1	2.6	14.8	7.6	32.8	26.9	18.8	133.9	48.8	10.4	71302.0	21014.0	20414.0	44972	51783	11.0	22.0	458.0	309.0	875.0	309.0	17.0	22.0	88.0	110.0	116.0	88.0	0.0	0.0	20.0	66.0	0.0	0.0	73.0	132.0	22.2	77.5	20.4	24.0	18.6	5.3	89470.0	2
26-55	Michigan	Grand Traverse	83971	181.0	7.8	23.9	62.3	11.6	2.2	96.6	0.8	1.0	0.6	1.8	79.0	10.9	6.4	0.9	10.2	2.3	2.6	15.1	6.1	26.0	20.1	16.3	140.8	47.3	9.3	6158.0	2743.0	2315.0	4817	5241	15.0	12.0	37.0	56.0	9.0	24.0	2.0	4.0	4.0	8.0	4.0	4.0	0.0	0.0	11.0	24.0	0.0	0.0	1.0	0.0	17.1	79.5	21.7	20.9	27.5	4.5	7129.0	2
35-49	New Mexico	Santa Fe	140855	74.0	12.3	22.6	65.5	10.6	1.3	92.8	1.1	3.5	1.2	49.0	79.6	13.3	8.0	1.2	10.7	5.5	3.4	37.9	5.2	42.8	21.4	16.4	110.7	31.1	19.0	15188.0	3213.0	3344.0	9287	8487	4.0	4.0	50.0	53.0	30.0	16.0	2.0	4.0	6.0	8.0	21.0	8.0	0.0	0.0	24.0	12.0	0.0	0.0	3.0	8.0	18.1	75.5	14.7	18.6	19.7	4.2	26794.0	2
1-89	Alabama	Madison	298192	370.0	10.9	25.5	62.5	10.9	1.1	71.7	23.5	0.8	2.1	2.2	76.1	13.7	9.2	1.5	15.1	4.0	2.3	8.5	9.1	29.3	30.9	17.0	114.2	58.2	10.6	28690.0	4944.0	9467.0	16746	14705	5.0	9.0	105.0	120.0	17.0	51.0	8.0	9.0	5.0	26.0	20.0	17.0	0.0	0.0	11.0	17.0	0.0	0.0	22.0	9.0	22.9	75.6	23.1	24.9	21.3	6.5	35743.0	2
35-15	New Mexico	Eddy	51437	12.0	17.5	27.2	58.6	12.3	1.8	95.0	1.9	1.5	0.8	40.8	75.2	21.6	7.3	1.3	12.8	8.5	0.9	27.5	8.0	45.6	24.7	22.2	209.0	56.7	17.4	8220.0	1216.0	1730.0	3196	3137	0.0	0.0	43.0	51.0	7.0	26.0	1.0	3.0	4.0	8.0	13.0	10.0	0.0	0.0	5.0	5.0	0.0	0.0	0.0	8.0	30.7	80.9	29.9	27.4	25.2	9.4	11664.0	2
16-45	Idaho	Gem	16273	29.0	11.8	25.7	58.4	13.1	2.7	97.4	0.1	1.0	0.4	7.0	77.3	18.6	4.7	0.8	8.9	5.4	1.6	24.3	7.5	21.7	24.7	23.9	144.4	51.0	13.7	2199.0	338.0	379.0	1043	697	9.0	3.0	14.0	21.0	8.0	9.0	0.0	0.0	18.0	9.0	5.0	3.0	0.0	0.0	11.0	3.0	0.0	0.0	0.0	4.0	23.4	77.4	26.0	30.0	25.2	8.6	2746.0	2
13-29	Georgia	Bryan	28549	65.0	10.0	28.4	64.5	6.3	0.8	82.2	15.0	0.4	1.1	2.4	75.8	11.9	8.1	1.4	11.7	5.4	1.8	16.9	5.2	28.7	25.5	24.0	149.6	64.2	14.8	3720.0	541.0	748.0	1663	1505	1.0	2.0	61.0	32.0	14.0	14.0	0.0	0.0	1.0	9.0	1.0	5.0	0.0	0.0	0.0	7.0	0.0	0.0	1.0	2.0	24.8	79.3	21.5	15.7	29.9	4.7	3010.0	2
24-5	Maryland	Baltimore	786113	1313.0	7.6	24.5	60.9	12.2	2.3	70.5	24.0	0.3	3.9	2.4	76.9	14.0	9.3	1.9	13.4	2.6	3.0	10.9	8.4	32.7	28.0	22.3	180.5	64.8	8.9	83177.0	18003.0	25750.0	42253	42062	15.0	23.0	357.0	300.0	498.0	92.0	47.0	23.0	156.0	92.0	149.0	46.0	0.0	0.0	26.0	69.0	0.0	0.0	96.0	23.0	23.4	72.0	20.8	26.2	22.2	6.5	75009.0	2
19-189	Iowa	Winnebago	11351	28.0	8.3	23.0	58.4	14.6	4.0	98.3	0.2	0.3	0.8	2.3	78.9	9.4	6.4	1.4	10.1	3.7	1.1	17.3	5.2	25.6	28.6	16.5	194.7	37.2	10.3	1003.0	292.0	164.0	656	421	4.0	2.0	15.0	15.0	2.0	5.0	0.0	0.0	0.0	2.0	0.0	1.0	0.0	0.0	1.0	2.0	0.0	0.0	0.0	0.0	18.2	76.4	25.6	23.8	15.7	7.7	905.0	2
27-97	Minnesota	Morrison	32788	29.0	9.4	25.4	59.4	12.6	2.6	98.6	0.3	0.3	0.3	0.8	78.5	19.6	6.0	1.6	9.3	2.7	2.2	9.5	7.9	29.5	9.5	23.0	129.5	46.4	15.3	4397.0	953.0	459.0	1788	1807	9.0	5.0	17.0	19.0	1.0	3.0	1.0	2.0	0.0	3.0	0.0	2.0	0.0	0.0	0.0	6.0	0.0	0.0	0.0	0.0	20.1	72.0	24.2	22.7	23.8	7.0	3807.0	2
23-23	Maine	Sagadahoc	36962	146.0	8.3	23.6	63.0	11.4	2.0	96.9	1.1	0.4	0.6	1.5	78.8	10.9	5.6	1.1	10.0	2.5	2.3	10.9	1.5	29.2	20.4	12.0	146.1	59.4	12.6	3074.0	815.0	877.0	2581	2606	3.0	4.0	18.0	21.0	4.0	4.0	1.0	2.0	0.0	4.0	0.0	2.0	0.0	0.0	2.0	2.0	0.0	0.0	0.0	0.0	19.4	74.8	19.9	23.1	18.8	5.6	3259.0	2
25-27	Massachusetts	Worcester	783262	518.0	9.4	25.5	62.2	10.1	2.2	91.2	3.7	0.3	3.7	7.6	77.8	13.6	7.0	1.4	9.6	2.0	3.3	9.0	5.5	27.9	25.8	20.0	140.4	53.7	6.8	86503.0	20363.0	22977.0	46098	71757	35.0	23.0	315.0	300.0	46.0	92.0	10.0	23.0	30.0	92.0	36.0	46.0	1.0	0.0	154.0	69.0	0.0	0.0	11.0	23.0	23.8	71.5	21.9	24.4	21.0	6.3	75796.0	2
40-105	Oklahoma	Nowata	10864	19.0	14.3	24.5	58.4	14.9	2.2	73.9	2.5	16.4	0.1	1.3	74.5	26.1	7.0	0.8	11.1	6.0	1.0	16.5	7.9	33.5	18.0	24.6	237.2	73.2	12.1	1763.0	247.0	320.0	667	475	0.0	1.0	12.0	14.0	40.0	5.0	4.0	0.0	7.0	9.0	1.0	3.0	0.0	0.0	1.0	2.0	0.0	0.0	0.0	1.0	33.1	89.3	33.6	32.2	24.0	12.2	1714.0	1
1-51	Alabama	Elmore	73937	119.0	12.5	25.1	64.0	9.8	1.2	77.3	20.7	0.4	0.5	1.7	75.2	15.1	8.6	1.7	14.2	4.8	1.5	13.3	7.6	31.0	34.1	16.9	138.8	63.8	8.5	10979.0	1091.0	2028.0	4170	3646	3.0	7.0	70.0	51.0	15.0	14.0	1.0	3.0	5.0	7.0	0.0	7.0	0.0	0.0	3.0	14.0	0.0	0.0	8.0	0.0	27.7	85.0	24.8	23.0	22.6	5.5	8320.0	2
27-3	Minnesota	Anoka	323996	765.0	5.3	27.4	64.5	7.2	0.9	90.7	3.1	0.8	3.5	2.4	79.1	9.0	6.1	1.0	10.0	1.8	2.4	14.1	3.9	23.7	28.0	20.4	102.4	59.6	8.9	18800.0	7344.0	3192.0	17185	17514	27.0	9.0	96.0	112.0	36.0	56.0	4.0	9.0	4.0	19.0	4.0	19.0	1.0	0.0	85.0	28.0	0.0	0.0	4.0	9.0	17.0	79.5	24.6	20.2	23.9	5.7	23312.0	2
22-67	Louisiana	Morehouse	29989	38.0	23.3	26.8	58.3	13.1	1.7	54.8	44.6	0.1	0.3	0.9	72.8	24.3	11.7	2.5	15.9	9.0	0.8	17.2	14.0	55.7	36.1	24.3	189.4	74.0	12.1	6485.0	1092.0	1061.0	1573	1601	0.0	6.0	32.0	28.0	6.0	18.0	1.0	0.0	0.0	9.0	2.0	8.0	0.0	0.0	3.0	2.0	0.0	0.0	2.0	3.0	47.7	80.4	34.0	30.2	28.0	7.0	6086.0	2
40-49	Oklahoma	Garvin	27228	34.0	15.8	23.7	58.9	14.8	2.6	86.5	2.9	7.6	0.3	4.2	74.1	24.1	7.1	1.3	11.7	4.6	1.1	18.9	8.3	32.3	22.4	23.9	231.9	69.8	18.5	5044.0	535.0	742.0	1686	1180	1.0	1.0	25.0	22.0	8.0	16.0	1.0	1.0	2.0	7.0	11.0	4.0	0.0	0.0	0.0	3.0	0.0	0.0	0.0	4.0	35.5	81.3	25.0	34.6	27.0	10.8	4707.0	2
41-59	Oregon	Umatilla	73878	23.0	13.8	27.8	60.3	10.1	1.9	93.3	1.2	3.3	1.1	18.0	77.1	20.1	5.8	0.8	10.5	5.2	1.6	27.7	4.1	38.0	26.9	22.7	136.8	57.4	11.6	10437.0	2904.0	2828.0	5181	5472	37.0	4.0	30.0	61.0	17.0	29.0	0.0	0.0	22.0	11.0	3.0	11.0	0.0	0.0	4.0	7.0	0.0	0.0	0.0	4.0	25.9	79.6	26.1	28.0	23.1	7.0	11753.0	2
6-29	California	Kern	756825	93.0	18.2	32.0	59.1	7.8	1.1	85.8	6.2	1.7	4.2	43.6	75.7	21.3	6.6	1.2	11.7	5.4	2.1	16.2	6.2	42.7	27.0	20.5	268.9	57.8	11.0	139010.0	27239.0	23329.0	36250	51564	2.0	21.0	0.0	291.0	0.0	291.0	5.0	21.0	98.0	104.0	65.0	83.0	0.0	0.0	40.0	62.0	0.0	0.0	20.0	125.0	30.4	76.3	26.5	27.5	21.4	9.0	152346.0	2
47-163	Tennessee	Sullivan	152716	370.0	12.8	21.5	61.8	14.8	1.8	96.5	2.1	0.2	0.5	0.8	75.8	22.4	8.8	1.7	12.4	4.2	1.7	15.9	7.1	28.4	26.6	22.0	203.1	74.1	12.7	26586.0	3767.0	5019.0	10041	7680	4.0	5.0	45.0	60.0	8.0	18.0	10.0	5.0	4.0	9.0	8.0	9.0	0.0	0.0	9.0	14.0	0.0	0.0	2.0	9.0	33.7	65.0	25.0	36.4	23.8	11.9	16357.0	2
47-103	Tennessee	Lincoln	32392	57.0	13.2	23.1	61.1	14.0	1.8	91.1	6.9	0.5	0.4	1.8	74.1	16.1	8.9	1.7	14.0	4.9	1.6	13.7	7.8	28.3	22.4	23.6	266.4	72.4	14.2	6802.0	786.0	1146.0	2091	1678	4.0	3.0	13.0	19.0	8.0	3.0	0.0	0.0	3.0	3.0	2.0	3.0	0.0	0.0	4.0	5.0	0.0	0.0	1.0	2.0	39.4	75.6	31.7	34.0	31.3	8.4	3681.0	2
21-9	Kentucky	Barren	40073	82.0	15.3	23.8	61.3	13.1	1.8	94.8	3.9	0.2	0.5	1.2	76.3	25.4	8.3	2.0	10.4	4.3	1.5	11.2	4.6	26.1	25.5	15.6	197.8	73.2	10.1	8391.0	1058.0	2391.0	2645	2181	1.0	2.0	33.0	31.0	13.0	10.0	0.0	0.0	4.0	4.0	2.0	4.0	0.0	0.0	1.0	2.0	0.0	0.0	0.0	2.0	34.3	78.5	25.5	29.8	30.1	7.5	5152.0	2
31-131	Nebraska	Otoe	15509	25.0	8.4	24.5	57.8	14.8	3.0	98.4	0.4	0.3	0.3	3.2	77.0	14.2	6.6	1.4	11.2	3.9	1.9	13.3	8.0	25.1	24.8	28.0	111.6	44.2	9.6	1533.0	346.0	350.0	945	562	8.0	5.0	16.0	17.0	10.0	6.0	0.0	0.0	3.0	5.0	4.0	2.0	0.0	0.0	1.0	5.0	0.0	0.0	0.0	0.0	25.0	82.1	25.1	30.8	17.0	6.2	1431.0	2
20-51	Kansas	Ellis	26767	30.0	10.6	22.5	63.2	12.1	2.2	96.9	1.0	0.2	1.2	2.5	78.9	10.2	7.4	1.2	11.6	2.0	1.4	9.0	5.7	28.6	18.6	12.6	124.6	48.1	13.3	2114.0	578.0	337.0	1741	1643	2.0	3.0	27.0	16.0	4.0	3.0	0.0	1.0	2.0	3.0	1.0	3.0	0.0	0.0	1.0	4.0	0.0	0.0	0.0	1.0	21.3	81.2	17.2	15.4	20.1	5.0	2618.0	2
51-61	Virginia	Fauquier	64997	100.0	5.8	25.4	64.1	9.3	1.2	88.5	8.8	0.3	1.1	4.3	77.5	10.9	6.1	1.2	10.1	2.5	4.7	8.8	4.0	23.5	35.7	20.4	126.3	54.8	11.0	6708.0	861.0	1137.0	3651	3073	1.0	9.0	35.0	40.0	0.0	17.0	0.0	3.0	4.0	6.0	1.0	3.0	0.0	0.0	1.0	17.0	0.0	0.0	1.0	0.0	22.2	67.8	22.2	32.6	21.4	7.5	4752.0	2
56-15	Wyoming	Goshen	12243	6.0	14.6	22.7	58.9	15.1	3.3	98.1	0.2	1.0	0.3	9.0	77.2	18.0	5.8	1.0	11.4	4.9	1.7	21.5	7.7	28.5	14.1	21.8	151.2	42.6	15.2	1272.0	256.0	253.0	897	577	12.0	4.0	18.0	14.0	3.0	3.0	0.0	0.0	8.0	5.0	1.0	1.0	0.0	0.0	0.0	3.0	0.0	0.0	0.0	0.0	25.1	77.5	24.0	29.7	21.0	7.4	2424.0	2
24-33	Maryland	Prince George's	846123	1743.0	9.4	28.5	63.1	7.5	0.9	27.7	66.1	0.4	4.0	10.4	75.0	10.8	10.5	2.6	14.2	3.2	3.2	23.8	11.9	44.2	31.3	24.2	217.8	54.5	7.6	79974.0	20235.0	15567.0	43203	46001	3.0	25.0	251.0	322.0	146.0	99.0	22.0	25.0	76.0	99.0	45.0	50.0	0.0	0.0	15.0	74.0	0.0	0.0	142.0	25.0	24.6	72.1	25.5	26.2	17.8	8.3	122762.0	2
26-111	Michigan	Midland	84064	161.0	9.0	26.1	60.8	11.2	1.9	95.8	1.2	0.4	1.8	1.7	78.8	10.1	7.0	1.4	11.7	2.3	2.2	8.8	7.0	23.4	24.1	16.2	182.9	54.8	9.7	6071.0	2423.0	1749.0	4695	5333	14.0	13.0	38.0	58.0	13.0	25.0	1.0	4.0	1.0	8.0	0.0	4.0	0.0	0.0	3.0	25.0	0.0	0.0	0.0	0.0	17.0	73.7	23.1	22.3	20.7	8.7	7721.0	2
21-235	Kentucky	Whitley	38029	86.0	23.1	26.1	60.7	11.8	1.4	98.3	0.4	0.3	0.3	0.9	73.1	34.9	9.0	1.7	13.0	5.4	0.9	17.9	7.8	29.0	26.6	18.6	251.7	93.7	18.1	9561.0	923.0	3011.0	2447	2192	1.0	0.0	12.0	40.0	1.0	15.0	0.0	0.0	2.0	2.0	3.0	4.0	0.0	0.0	1.0	0.0	0.0	0.0	1.0	7.0	39.8	79.2	30.6	41.5	35.6	11.0	6798.0	2
5-139	Arkansas	Union	44186	43.0	17.7	25.4	58.8	13.4	2.4	65.3	33.0	0.2	0.6	1.7	73.6	21.5	9.2	1.6	14.0	6.3	1.1	26.5	8.2	44.1	35.3	21.4	138.3	72.0	14.7	7565.0	1337.0	1421.0	2817	2423	32.0	9.0	41.0	41.0	72.0	27.0	0.0	0.0	0.0	14.0	3.0	11.0	0.0	0.0	2.0	2.0	0.0	0.0	35.0	5.0	30.0	80.3	27.0	28.4	25.8	9.1	6517.0	2
37-105	North Carolina	Lee	55704	217.0	13.2	27.7	58.8	11.9	1.6	78.0	20.2	0.6	0.8	14.1	74.5	19.8	8.7	1.5	13.6	5.9	1.7	22.5	6.9	41.7	25.4	21.5	203.0	58.5	9.5	8608.0	1428.0	1566.0	3140	3568	0.0	5.0	39.0	36.0	11.0	13.0	0.0	0.0	3.0	5.0	9.0	3.0	0.0	0.0	0.0	13.0	0.0	0.0	6.0	3.0	30.6	79.8	23.8	33.5	26.5	8.0	7926.0	2
54-53	West Virginia	Mason	25761	60.0	17.2	22.0	61.7	14.7	1.6	98.5	0.5	0.2	0.4	0.5	74.4	26.2	7.8	1.6	14.7	4.2	1.0	11.8	5.5	29.0	28.9	23.2	258.9	84.0	16.6	5063.0	786.0	1802.0	1931	1054	0.0	0.0	10.0	25.0	0.0	12.0	1.0	0.0	0.0	3.0	0.0	3.0	0.0	0.0	1.0	1.0	0.0	0.0	0.0	4.0	29.0	77.9	31.1	29.7	30.4	12.1	3175.0	2
47-31	Tennessee	Coffee	50869	119.0	13.2	24.6	60.2	13.6	1.6	94.1	3.7	0.3	0.9	3.2	75.4	18.2	9.2	1.3	14.4	4.5	1.0	25.8	9.2	32.9	32.9	23.2	233.1	68.9	17.7	9113.0	1377.0	1656.0	3221	2606	0.0	5.0	30.0	29.0	4.0	5.0	5.0	2.0	2.0	5.0	8.0	5.0	0.0	0.0	5.0	7.0	0.0	0.0	2.0	2.0	33.9	74.4	21.4	36.7	22.6	9.5	6406.0	2
40-121	Oklahoma	Pittsburg	44641	34.0	16.5	22.4	60.6	14.8	2.2	78.3	4.0	12.8	0.4	2.5	74.4	24.3	7.3	1.4	12.3	7.0	1.0	26.7	9.5	35.9	27.7	20.2	294.5	69.9	18.2	7387.0	981.0	1734.0	2811	1976	2.0	2.0	35.0	35.0	5.0	26.0	7.0	2.0	55.0	11.0	20.0	7.0	0.0	0.0	4.0	4.0	0.0	0.0	1.0	7.0	33.8	82.6	26.3	36.4	28.6	7.2	7457.0	2
27-147	Minnesota	Steele	35755	83.0	6.8	26.3	60.8	10.8	2.2	96.3	2.2	0.1	0.8	4.4	79.8	8.4	6.4	1.1	10.3	3.5	1.5	15.6	5.9	26.9	24.0	16.7	129.9	45.5	7.3	3110.0	815.0	405.0	1925	1961	3.0	5.0	17.0	19.0	0.0	3.0	3.0	0.0	2.0	3.0	2.0	2.0	0.0	0.0	6.0	3.0	0.0	0.0	0.0	0.0	21.7	74.4	16.3	20.5	17.2	4.8	2688.0	2
